ine5;posicion;municipio;P_Alta;P_Media;P_Baja;Distancia_Madrid;Talento;Acceso_Ferroviario;Coste_Inmobiliario;Renta;Especializacion_Servicios;Dinamismo_Demografico;Viabilidad_observada;ga2m_tasa_neta_pred_pct;percentil_bn;percentil_ga2m;puntuacion;nivel_ayudas
28022;1;Boadilla del Monte;0.5722713864306784;0.13421828908554573;0.2935103244837758;Cerca;Alto;Si;Alto;Alta;Alta;Alto;Alta;2.0720236427471224;93.5251798561151;100.0;100.0;Bajo
28015;2;Arroyomolinos;0.5722713864306784;0.13421828908554573;0.2935103244837758;Cerca;Alto;No;Alto;Alta;Alta;Alto;Alta;1.9438881098717196;93.5251798561151;99.28057553956835;99.28057553956835;Bajo
28169;3;Venturada;0.5722713864306784;0.13421828908554573;0.2935103244837758;Media;Alto;No;Alto;Alta;Alta;Alto;Alta;1.84438887558913;93.5251798561151;98.56115107913669;98.56115107913669;Medio
28172;4;Villalbilla;0.5722713864306784;0.13421828908554573;0.2935103244837758;Media;Alto;No;Alto;Alta;Alta;Alto;Alta;1.726309117988524;93.5251798561151;97.84172661870504;97.84172661870504;Medio
28160;5;Valdemorillo;0.553921568627451;0.3553921568627451;0.09068627450980392;Media;Alto;No;Alto;Alta;Alta;Medio;Alta;1.6656204925656473;81.65467625899281;97.12230215827337;97.12230215827337;Medio
28176;6;Villanueva de la Cañada;0.553921568627451;0.3553921568627451;0.09068627450980392;Cerca;Alto;No;Alto;Alta;Alta;Medio;Alta;1.649126612599515;81.65467625899281;96.40287769784173;96.40287769784173;Bajo
28046;7;Collado Mediano;0.553921568627451;0.3553921568627451;0.09068627450980392;Media;Alto;Si;Alto;Alta;Alta;Medio;Alta;1.6073618957132743;81.65467625899281;95.68345323741008;95.68345323741008;Medio
28149;8;Torrejón de la Calzada;0.2782874617737003;0.36085626911314983;0.36085626911314983;Cerca;Medio;No;Alto;Media;Media;Alto;Alta;1.5816208460976977;38.84892086330935;94.96402877697841;94.96402877697841;Medio
28123;9;Rivas-Vaciamadrid;0.5722713864306784;0.13421828908554573;0.2935103244837758;Cerca;Alto;Si;Alto;Alta;Alta;Alto;Alta;1.5416268740379124;93.5251798561151;94.24460431654677;94.24460431654677;Bajo
28045;10;Colmenar Viejo;0.5722713864306784;0.13421828908554573;0.2935103244837758;Cerca;Alto;Si;Alto;Alta;Alta;Alto;Alta;1.5266692521064547;93.5251798561151;93.5251798561151;93.5251798561151;Bajo
28050;11;Cubas de la Sagra;0.4562841530054645;0.3087431693989071;0.23497267759562843;Cerca;Medio;No;Alto;Media;Media;Medio;Alta;1.5219529705844859;67.98561151079137;92.80575539568345;92.80575539568345;Medio
28087;12;Molinos (Los);0.553921568627451;0.3553921568627451;0.09068627450980392;Lejos;Medio;Si;Alto;Alta;Alta;Medio;Alta;1.4563277418025198;81.65467625899281;92.08633093525181;92.08633093525181;Medio
28903;13;Tres Cantos;0.5722713864306784;0.13421828908554573;0.2935103244837758;Cerca;Alto;Si;Alto;Alta;Alta;Alto;Baja;1.44328566658763;93.5251798561151;91.36690647482014;91.36690647482014;Bajo
28140;14;Serranillos del Valle;0.4562841530054645;0.3087431693989071;0.23497267759562843;Cerca;Bajo;No;Alto;Media;Media;Medio;Alta;1.415263589948456;67.98561151079137;90.64748201438849;90.64748201438849;Medio
28018;15;Becerril de la Sierra;0.5722713864306784;0.13421828908554573;0.2935103244837758;Media;Alto;No;Alto;Alta;Alta;Alto;Alta;1.4096450491775814;93.5251798561151;89.92805755395683;89.92805755395683;Medio
28017;16;Batres;0.5722713864306784;0.13421828908554573;0.2935103244837758;Cerca;Alto;No;Alto;Alta;Alta;Alto;Alta;1.381950951886309;93.5251798561151;89.20863309352518;89.20863309352518;Alto
28090;17;Moralzarzal;0.553921568627451;0.3553921568627451;0.09068627450980392;Media;Alto;No;Alto;Alta;Alta;Medio;Alta;1.35596255885728;81.65467625899281;88.48920863309353;88.48920863309353;Medio
28023;18;Boalo (El);0.5722713864306784;0.13421828908554573;0.2935103244837758;Media;Alto;No;Alto;Alta;Alta;Alto;Alta;1.3537110259032095;93.5251798561151;87.76978417266187;87.76978417266187;Medio
28152;19;Torrelodones;0.23237179487179488;0.5785256410256411;0.1891025641025641;Cerca;Alto;Si;Alto;Alta;Alta;Bajo;Alta;1.3530266190439426;29.496402877697843;87.05035971223022;87.05035971223022;Bajo
28183;20;Zarzalejo;0.4562841530054645;0.3087431693989071;0.23497267759562843;Media;Medio;No;Bajo;Baja;Media;Medio;Alta;1.292859290341569;67.98561151079137;86.33093525179856;86.33093525179856;Alto
28094;21;Navalafuente;0.553921568627451;0.3553921568627451;0.09068627450980392;Media;Medio;No;Medio;Media;Alta;Medio;Media;1.234424062230291;81.65467625899281;85.61151079136691;85.61151079136691;Alto
28099;22;Navas del Rey;0.2822695035460993;0.3971631205673759;0.32056737588652484;Lejos;Bajo;No;Bajo;Baja;Baja;Alto;Alta;1.2171501087709586;44.60431654676259;84.89208633093526;84.89208633093526;Medio
28125;23;Robledo de Chavela;0.553921568627451;0.3553921568627451;0.09068627450980392;Lejos;Medio;No;Medio;Media;Alta;Medio;Alta;1.213176562149927;81.65467625899281;84.17266187050359;84.17266187050359;Medio
28109;24;Pelayos de la Presa;0.5722713864306784;0.13421828908554573;0.2935103244837758;Lejos;Bajo;No;Bajo;Baja;Alta;Alto;Alta;1.2041285636614958;93.5251798561151;83.45323741007195;83.45323741007195;Medio
28072;25;Hoyo de Manzanares;0.553921568627451;0.3553921568627451;0.09068627450980392;Cerca;Alto;No;Alto;Alta;Alta;Medio;Media;1.1583218388626881;81.65467625899281;82.73381294964028;82.73381294964028;Medio
28011;26;Ambite;0.2822695035460993;0.3971631205673759;0.32056737588652484;Lejos;Bajo;No;Bajo;Baja;Baja;Alto;Alta;1.155996890222849;44.60431654676259;82.01438848920863;82.01438848920863;Alto
28161;27;Valdemoro;0.4562841530054645;0.3087431693989071;0.23497267759562843;Cerca;Medio;Si;Medio;Media;Media;Medio;Alta;1.1524380986074956;67.98561151079137;81.29496402877699;81.29496402877699;Bajo
28068;28;Guadarrama;0.1891025641025641;0.27564102564102566;0.5352564102564102;Media;Medio;No;Alto;Alta;Media;Bajo;Alta;1.151879384622654;15.107913669064748;80.57553956834532;80.57553956834532;Medio
28010;29;Alpedrete;0.23237179487179488;0.5785256410256411;0.1891025641025641;Media;Alto;Si;Alto;Alta;Alta;Bajo;Alta;1.145301680028551;29.496402877697843;79.85611510791367;79.85611510791367;Medio
28038;30;Cercedilla;0.4562841530054645;0.3087431693989071;0.23497267759562843;Lejos;Alto;Si;Alto;Media;Media;Medio;Alta;1.1421542560048106;67.98561151079137;79.13669064748201;79.13669064748201;Medio
28085;31;Miraflores de la Sierra;0.2782874617737003;0.36085626911314983;0.36085626911314983;Media;Alto;No;Alto;Alta;Media;Alto;Alta;1.1189364768067513;38.84892086330935;78.41726618705036;78.41726618705036;Medio
28031;32;Cadalso de los Vidrios;0.31675874769797424;0.3664825046040516;0.31675874769797424;Lejos;Bajo;No;Bajo;Baja;Baja;Medio;Alta;1.118915759153035;53.956834532374096;77.6978417266187;77.6978417266187;Medio
28082;33;Manzanares el Real;0.553921568627451;0.3553921568627451;0.09068627450980392;Media;Alto;No;Medio;Alta;Alta;Medio;Alta;1.1128782844705853;81.65467625899281;76.97841726618705;76.97841726618705;Medio
28181;34;Villaviciosa de Odón;0.553921568627451;0.3553921568627451;0.09068627450980392;Cerca;Alto;No;Alto;Alta;Alta;Medio;Media;1.108191754890149;81.65467625899281;76.2589928057554;76.2589928057554;Bajo
28008;35;Aldea del Fresno;0.2822695035460993;0.3971631205673759;0.32056737588652484;Lejos;Bajo;No;Medio;Baja;Baja;Alto;Alta;1.1055491614782778;44.60431654676259;75.53956834532374;75.53956834532374;Medio
28159;36;Valdemaqueda;0.31675874769797424;0.3664825046040516;0.31675874769797424;Lejos;Bajo;No;Bajo;Baja;Baja;Medio;Baja;1.1025535841178586;53.956834532374096;74.82014388489209;74.82014388489209;Alto
28028;37;Bustarviejo;0.5722713864306784;0.13421828908554573;0.2935103244837758;Lejos;Alto;No;Medio;Media;Alta;Alto;Alta;1.091845232834569;93.5251798561151;74.10071942446042;74.10071942446042;Medio
28096;38;Navalcarnero;0.4562841530054645;0.3087431693989071;0.23497267759562843;Cerca;Medio;No;Medio;Media;Media;Medio;Alta;1.0900811787873215;67.98561151079137;73.38129496402878;73.38129496402878;Bajo
28057;39;Fresno de Torote;0.4562841530054645;0.3087431693989071;0.23497267759562843;Media;Medio;No;Alto;Media;Media;Medio;Baja;1.082249414905658;67.98561151079137;72.66187050359713;72.66187050359713;Medio
28035;40;Carabaña;0.2822695035460993;0.3971631205673759;0.32056737588652484;Media;Bajo;No;Bajo;Baja;Baja;Alto;Alta;1.0816383324554324;44.60431654676259;71.94244604316546;71.94244604316546;Alto
28100;41;Nuevo Baztán;0.5722713864306784;0.13421828908554573;0.2935103244837758;Media;Medio;No;Alto;Media;Alta;Alto;Alta;1.07342381773357;93.5251798561151;71.22302158273382;71.22302158273382;Medio
28032;42;Camarma de Esteruelas;0.4562841530054645;0.3087431693989071;0.23497267759562843;Media;Medio;No;Medio;Media;Media;Medio;Alta;1.0556137491609099;67.98561151079137;70.50359712230215;70.50359712230215;Medio
28115;43;Pozuelo de Alarcón;0.23237179487179488;0.5785256410256411;0.1891025641025641;Cerca;Alto;Si;Alto;Alta;Alta;Bajo;Media;1.0516469028502187;29.496402877697843;69.7841726618705;69.7841726618705;Bajo
28106;44;Parla;0.1891025641025641;0.27564102564102566;0.5352564102564102;Cerca;Bajo;Si;Medio;Baja;Media;Bajo;Alta;1.0464536541281995;15.107913669064748;69.06474820143885;69.06474820143885;Bajo
28036;45;Casarrubuelos;0.31675874769797424;0.3664825046040516;0.31675874769797424;Cerca;Bajo;No;Medio;Baja;Baja;Medio;Alta;1.0406140914106317;53.956834532374096;68.34532374100719;68.34532374100719;Medio
28061;46;Galapagar;0.23237179487179488;0.5785256410256411;0.1891025641025641;Cerca;Alto;Si;Alto;Alta;Alta;Bajo;Media;1.0298666741854148;29.496402877697843;67.62589928057554;67.62589928057554;Bajo
28164;47;Valdetorres de Jarama;0.5722713864306784;0.13421828908554573;0.2935103244837758;Media;Medio;No;Alto;Media;Alta;Alto;Alta;1.0289999121897409;93.5251798561151;66.90647482014388;66.90647482014388;Medio
28167;48;Velilla de San Antonio;0.2782874617737003;0.36085626911314983;0.36085626911314983;Cerca;Medio;No;Alto;Media;Media;Alto;Media;1.0250326401338767;38.84892086330935;66.18705035971223;66.18705035971223;Medio
28179;49;Villar del Olmo;0.553921568627451;0.3553921568627451;0.09068627450980392;Media;Medio;No;Medio;Alta;Alta;Medio;Alta;0.995658883861131;81.65467625899281;65.46762589928058;65.46762589928058;Alto
28059;50;Fuente el Saz de Jarama;0.4562841530054645;0.3087431693989071;0.23497267759562843;Cerca;Medio;No;Alto;Media;Media;Medio;Media;0.9953602409251883;67.98561151079137;64.74820143884892;64.74820143884892;Medio
28162;51;Valdeolmos-Alalpardo;0.553921568627451;0.3553921568627451;0.09068627450980392;Media;Alto;No;Medio;Alta;Alta;Medio;Media;0.9888934093059399;81.65467625899281;64.02877697841727;64.02877697841727;Medio
28177;52;Villanueva del Pardillo;0.23237179487179488;0.5785256410256411;0.1891025641025641;Cerca;Alto;No;Medio;Alta;Alta;Bajo;Alta;0.9847628579137242;29.496402877697843;63.30935251798561;63.30935251798561;Medio
28054;53;Escorial (El);0.23237179487179488;0.5785256410256411;0.1891025641025641;Media;Alto;No;Medio;Alta;Alta;Bajo;Alta;0.9797378610960068;29.496402877697843;62.589928057553955;62.589928057553955;Medio
28119;54;Quijorna;0.2782874617737003;0.36085626911314983;0.36085626911314983;Cerca;Medio;No;Alto;Media;Media;Alto;Baja;0.9659989459202409;38.84892086330935;61.87050359712231;61.87050359712231;Medio
28062;55;Garganta de los Montes;0.5722713864306784;0.13421828908554573;0.2935103244837758;Lejos;Alto;No;Bajo;Alta;Alta;Alto;Baja;0.9648343003330553;93.5251798561151;61.15107913669065;61.15107913669065;Alto
28127;56;Rozas de Madrid (Las);0.23237179487179488;0.5785256410256411;0.1891025641025641;Cerca;Alto;Si;Alto;Alta;Alta;Bajo;Media;0.9624264510577978;29.496402877697843;60.431654676258994;60.431654676258994;Bajo
28104;57;Paracuellos de Jarama;0.23237179487179488;0.5785256410256411;0.1891025641025641;Cerca;Alto;No;Alto;Alta;Alta;Bajo;Media;0.9492804180539889;29.496402877697843;59.71223021582733;59.71223021582733;Bajo
28083;58;Meco;0.4562841530054645;0.3087431693989071;0.23497267759562843;Media;Medio;Si;Alto;Media;Media;Medio;Alta;0.943982315255589;67.98561151079137;58.992805755395686;58.992805755395686;Medio
28043;59;Colmenar de Oreja;0.31675874769797424;0.3664825046040516;0.31675874769797424;Media;Bajo;No;Bajo;Baja;Baja;Medio;Media;0.9388244887210536;53.956834532374096;58.27338129496403;58.27338129496403;Medio
28067;60;Guadalix de la Sierra;0.4562841530054645;0.3087431693989071;0.23497267759562843;Media;Medio;No;Medio;Media;Media;Medio;Alta;0.9368241532661208;67.98561151079137;57.55395683453237;57.55395683453237;Medio
28053;61;Daganzo de Arriba;0.23237179487179488;0.5785256410256411;0.1891025641025641;Cerca;Alto;No;Alto;Alta;Alta;Bajo;Media;0.9362211491413195;29.496402877697843;56.83453237410072;56.83453237410072;Medio
28110;62;Perales de Tajuña;0.4562841530054645;0.3087431693989071;0.23497267759562843;Media;Bajo;No;Bajo;Baja;Media;Medio;Media;0.9349476031173851;67.98561151079137;56.11510791366906;56.11510791366906;Medio
28055;63;Estremera;0.31675874769797424;0.3664825046040516;0.31675874769797424;Lejos;Bajo;No;Bajo;Baja;Baja;Medio;Media;0.9231390568721907;53.956834532374096;55.39568345323741;55.39568345323741;Alto
28093;64;Navacerrada;0.553921568627451;0.3553921568627451;0.09068627450980392;Media;Alto;No;Alto;Alta;Alta;Medio;Media;0.9173292974942724;81.65467625899281;54.67625899280576;54.67625899280576;Medio
28033;65;Campo Real;0.4562841530054645;0.3087431693989071;0.23497267759562843;Cerca;Bajo;No;Bajo;Baja;Media;Medio;Alta;0.9147735326378954;67.98561151079137;53.956834532374096;53.956834532374096;Medio
28066;66;Griñón;0.1891025641025641;0.27564102564102566;0.5352564102564102;Cerca;Medio;No;Alto;Alta;Media;Bajo;Media;0.9140778756959905;15.107913669064748;53.23741007194245;53.23741007194245;Medio
28175;67;Villamantilla;0.4562841530054645;0.3087431693989071;0.23497267759562843;Media;Alto;No;Medio;Media;Media;Medio;Media;0.9131242122496372;67.98561151079137;52.51798561151079;52.51798561151079;Alto
28151;68;Torrelaguna;0.1891025641025641;0.27564102564102566;0.5352564102564102;Lejos;Bajo;No;Bajo;Media;Media;Bajo;Alta;0.9098690994509742;15.107913669064748;51.798561151079134;51.798561151079134;Medio
28901;69;Lozoyuela-Navas-Sieteiglesias;0.4562841530054645;0.3087431693989071;0.23497267759562843;Lejos;Medio;No;Medio;Baja;Media;Medio;Media;0.9080168357372277;67.98561151079137;51.07913669064749;51.07913669064749;Alto
28116;70;Pozuelo del Rey;0.4562841530054645;0.3087431693989071;0.23497267759562843;Media;Bajo;No;Bajo;Baja;Media;Medio;Media;0.8952693661488389;67.98561151079137;50.35971223021583;50.35971223021583;Alto
28902;71;Puentes Viejas;0.4562841530054645;0.3087431693989071;0.23497267759562843;Lejos;Alto;No;Bajo;Media;Media;Medio;Baja;0.8904876272513358;67.98561151079137;49.64028776978417;49.64028776978417;Alto
28013;72;Aranjuez;0.1891025641025641;0.27564102564102566;0.5352564102564102;Lejos;Medio;Si;Medio;Media;Media;Bajo;Baja;0.8842662731163078;15.107913669064748;48.92086330935252;48.92086330935252;Bajo
28030;73;Cabrera (La);0.08008658008658008;0.19696969696969696;0.722943722943723;Lejos;Medio;No;Medio;Media;Baja;Bajo;Alta;0.867891826061303;4.316546762589928;48.201438848920866;48.201438848920866;Medio
28044;74;Colmenarejo;0.23237179487179488;0.5785256410256411;0.1891025641025641;Cerca;Alto;No;Alto;Alta;Alta;Bajo;Alta;0.8589754911030851;29.496402877697843;47.482014388489205;47.482014388489205;Medio
28133;75;San Martín de Valdeiglesias;0.4562841530054645;0.3087431693989071;0.23497267759562843;Lejos;Bajo;No;Bajo;Baja;Media;Medio;Alta;0.853119528101832;67.98561151079137;46.76258992805755;46.76258992805755;Medio
28144;76;Soto del Real;0.23237179487179488;0.5785256410256411;0.1891025641025641;Media;Alto;No;Alto;Alta;Alta;Bajo;Baja;0.8529411615611262;29.496402877697843;46.043165467625904;46.043165467625904;Medio
28089;77;Moraleja de Enmedio;0.31675874769797424;0.3664825046040516;0.31675874769797424;Cerca;Medio;No;Alto;Media;Baja;Medio;Baja;0.8467723705571244;53.956834532374096;45.32374100719424;45.32374100719424;Medio
28174;78;Villamanta;0.4562841530054645;0.3087431693989071;0.23497267759562843;Media;Bajo;No;Medio;Baja;Media;Medio;Baja;0.8440902615462083;67.98561151079137;44.60431654676259;44.60431654676259;Medio
28111;79;Pezuela de las Torres;0.2822695035460993;0.3971631205673759;0.32056737588652484;Media;Bajo;No;Medio;Baja;Baja;Alto;Media;0.84062326050128;44.60431654676259;43.884892086330936;43.884892086330936;Alto
28150;80;Torrejón de Velasco;0.31675874769797424;0.3664825046040516;0.31675874769797424;Cerca;Bajo;No;Medio;Media;Baja;Medio;Alta;0.8386742543059359;53.956834532374096;43.16546762589928;43.16546762589928;Medio
28060;81;Fuentidueña de Tajo;0.31675874769797424;0.3664825046040516;0.31675874769797424;Lejos;Bajo;No;Medio;Baja;Baja;Medio;Media;0.8344959580625909;53.956834532374096;42.44604316546763;42.44604316546763;Alto
28180;82;Villarejo de Salvanés;0.31675874769797424;0.3664825046040516;0.31675874769797424;Lejos;Bajo;No;Medio;Baja;Baja;Medio;Baja;0.8221519830744557;53.956834532374096;41.726618705035975;41.726618705035975;Medio
28153;83;Torremocha de Jarama;0.4562841530054645;0.3087431693989071;0.23497267759562843;Lejos;Medio;No;Medio;Alta;Media;Medio;Baja;0.815522843500488;67.98561151079137;41.007194244604314;41.007194244604314;Alto
28145;84;Talamanca de Jarama;0.5722713864306784;0.13421828908554573;0.2935103244837758;Media;Medio;No;Medio;Media;Alta;Alto;Baja;0.8112240919618852;93.5251798561151;40.28776978417266;40.28776978417266;Medio
28019;85;Belmonte de Tajo;0.2822695035460993;0.3971631205673759;0.32056737588652484;Media;Bajo;No;Bajo;Baja;Baja;Alto;Baja;0.7870380569899814;44.60431654676259;39.568345323741006;39.568345323741006;Alto
28157;86;Valdelaguna;0.5722713864306784;0.13421828908554573;0.2935103244837758;Media;Bajo;No;Bajo;Baja;Alta;Alto;Media;0.7858583516171235;93.5251798561151;38.84892086330935;38.84892086330935;Alto
28171;87;Villa del Prado;0.2822695035460993;0.3971631205673759;0.32056737588652484;Lejos;Bajo;No;Medio;Baja;Baja;Alto;Baja;0.7806188801864494;44.60431654676259;38.1294964028777;38.1294964028777;Medio
28014;88;Arganda del Rey;0.1891025641025641;0.27564102564102566;0.5352564102564102;Cerca;Bajo;Si;Alto;Baja;Media;Bajo;Media;0.7768463727231456;15.107913669064748;37.410071942446045;37.410071942446045;Bajo
28004;89;Álamo (El);0.31675874769797424;0.3664825046040516;0.31675874769797424;Cerca;Bajo;No;Bajo;Baja;Baja;Medio;Alta;0.7751382897378837;53.956834532374096;36.69064748201439;36.69064748201439;Medio
28042;90;Colmenar del Arroyo;0.5722713864306784;0.13421828908554573;0.2935103244837758;Media;Medio;No;Bajo;Media;Alta;Alto;Baja;0.7748783777373518;93.5251798561151;35.97122302158273;35.97122302158273;Alto
28131;91;San Lorenzo de El Escorial;0.23237179487179488;0.5785256410256411;0.1891025641025641;Media;Alto;No;Alto;Alta;Alta;Bajo;Media;0.7734943232073698;29.496402877697843;35.25179856115108;35.25179856115108;Medio
28129;92;San Agustín del Guadalix;0.23237179487179488;0.5785256410256411;0.1891025641025641;Cerca;Alto;No;Alto;Alta;Alta;Bajo;Media;0.7650401436174642;29.496402877697843;34.53237410071942;34.53237410071942;Medio
28132;93;San Martín de la Vega;0.4562841530054645;0.3087431693989071;0.23497267759562843;Cerca;Bajo;No;Medio;Baja;Media;Medio;Media;0.7573543950374493;67.98561151079137;33.81294964028777;33.81294964028777;Bajo
28165;94;Valdilecha;0.31675874769797424;0.3664825046040516;0.31675874769797424;Media;Bajo;No;Medio;Baja;Baja;Medio;Alta;0.7475363384493352;53.956834532374096;33.093525179856115;33.093525179856115;Medio
28178;95;Villanueva de Perales;0.4562841530054645;0.3087431693989071;0.23497267759562843;Media;Medio;No;Medio;Baja;Media;Medio;Baja;0.7460030138255201;67.98561151079137;32.37410071942446;32.37410071942446;Alto
28121;96;Redueña;0.1891025641025641;0.27564102564102566;0.5352564102564102;Lejos;Medio;No;Medio;Media;Media;Bajo;Baja;0.7417918182966337;15.107913669064748;31.654676258992804;31.654676258992804;Alto
28101;97;Olmeda de las Fuentes;0.2822695035460993;0.3971631205673759;0.32056737588652484;Media;Alto;No;Medio;Alta;Baja;Alto;Baja;0.7401219169063824;44.60431654676259;30.935251798561154;30.935251798561154;Alto
28080;98;Majadahonda;0.23237179487179488;0.5785256410256411;0.1891025641025641;Cerca;Alto;Si;Alto;Alta;Alta;Bajo;Media;0.7323491099585935;29.496402877697843;30.215827338129497;30.215827338129497;Bajo
28148;99;Torrejón de Ardoz;0.4562841530054645;0.3087431693989071;0.23497267759562843;Cerca;Bajo;Si;Bajo;Media;Media;Medio;Media;0.7273248945780615;67.98561151079137;29.496402877697843;29.496402877697843;Bajo
28025;100;Brea de Tajo;0.2822695035460993;0.3971631205673759;0.32056737588652484;Lejos;Bajo;No;Bajo;Baja;Baja;Alto;Baja;0.7232666085520268;44.60431654676259;28.776978417266186;28.776978417266186;Alto
28168;101;Vellón (El);0.5722713864306784;0.13421828908554573;0.2935103244837758;Media;Medio;No;Bajo;Baja;Alta;Alto;Baja;0.7225720375953661;93.5251798561151;28.05755395683453;28.05755395683453;Alto
28156;102;Valdeavero;0.2822695035460993;0.3971631205673759;0.32056737588652484;Media;Bajo;No;Medio;Baja;Baja;Alto;Baja;0.7124208828522173;44.60431654676259;27.33812949640288;27.33812949640288;Alto
28012;103;Anchuelo;0.31675874769797424;0.3664825046040516;0.31675874769797424;Media;Bajo;No;Bajo;Baja;Baja;Medio;Media;0.7030235822973931;53.956834532374096;26.618705035971225;26.618705035971225;Alto
28040;104;Ciempozuelos;0.1891025641025641;0.27564102564102566;0.5352564102564102;Cerca;Bajo;Si;Medio;Baja;Media;Bajo;Media;0.6971191752790695;15.107913669064748;25.899280575539567;25.899280575539567;Bajo
28108;105;Pedrezuela;0.553921568627451;0.3553921568627451;0.09068627450980392;Media;Alto;No;Alto;Alta;Alta;Medio;Baja;0.6888381854124018;81.65467625899281;25.179856115107913;25.179856115107913;Medio
28173;106;Villamanrique de Tajo;0.2822695035460993;0.3971631205673759;0.32056737588652484;Lejos;Bajo;No;Bajo;Baja;Baja;Alto;Baja;0.67199320951474;44.60431654676259;24.46043165467626;24.46043165467626;Alto
28146;107;Tielmes;0.31675874769797424;0.3664825046040516;0.31675874769797424;Media;Bajo;No;Bajo;Baja;Baja;Medio;Media;0.665292231487419;53.956834532374096;23.741007194244602;23.741007194244602;Medio
28134;108;San Sebastián de los Reyes;0.23237179487179488;0.5785256410256411;0.1891025641025641;Cerca;Alto;Si;Alto;Alta;Alta;Bajo;Baja;0.664798587299598;29.496402877697843;23.021582733812952;23.021582733812952;Bajo
28086;109;Molar (El);0.4562841530054645;0.3087431693989071;0.23497267759562843;Media;Medio;No;Medio;Baja;Media;Medio;Media;0.6276503024562041;67.98561151079137;22.302158273381295;22.302158273381295;Medio
28026;110;Brunete;0.23237179487179488;0.5785256410256411;0.1891025641025641;Cerca;Alto;No;Alto;Media;Alta;Bajo;Media;0.6245326922349813;29.496402877697843;21.58273381294964;21.58273381294964;Medio
28006;111;Alcobendas;0.23237179487179488;0.5785256410256411;0.1891025641025641;Cerca;Alto;Si;Alto;Alta;Alta;Bajo;Media;0.6142511874702771;29.496402877697843;20.863309352517987;20.863309352517987;Bajo
28021;112;Berrueco (El);0.1891025641025641;0.27564102564102566;0.5352564102564102;Lejos;Medio;No;Bajo;Media;Media;Bajo;Media;0.5971999493033324;15.107913669064748;20.14388489208633;20.14388489208633;Alto
28065;113;Getafe;0.1891025641025641;0.27564102564102566;0.5352564102564102;Cerca;Medio;Si;Alto;Media;Media;Bajo;Alta;0.5907372482354509;15.107913669064748;19.424460431654676;19.424460431654676;Bajo
28009;114;Algete;0.23237179487179488;0.5785256410256411;0.1891025641025641;Cerca;Alto;No;Alto;Alta;Alta;Bajo;Baja;0.5350070134465941;29.496402877697843;18.705035971223023;18.705035971223023;Bajo
28141;115;Sevilla la Nueva;0.23237179487179488;0.5785256410256411;0.1891025641025641;Cerca;Medio;No;Alto;Media;Alta;Bajo;Baja;0.5291610211864445;29.496402877697843;17.985611510791365;17.985611510791365;Medio
28047;116;Collado Villalba;0.23237179487179488;0.5785256410256411;0.1891025641025641;Media;Alto;Si;Medio;Media;Alta;Bajo;Media;0.5146245794490808;29.496402877697843;17.26618705035971;17.26618705035971;Bajo
28075;117;Loeches;0.08008658008658008;0.19696969696969696;0.722943722943723;Cerca;Bajo;No;Medio;Media;Baja;Bajo;Baja;0.4986836145593322;4.316546762589928;16.546762589928058;16.546762589928058;Medio
28091;118;Morata de Tajuña;0.31675874769797424;0.3664825046040516;0.31675874769797424;Cerca;Bajo;No;Medio;Baja;Baja;Medio;Media;0.49525110628017177;53.956834532374096;15.827338129496402;15.827338129496402;Medio
28007;119;Alcorcón;0.1891025641025641;0.27564102564102566;0.5352564102564102;Cerca;Medio;Si;Alto;Media;Media;Bajo;Baja;0.49140870446959656;15.107913669064748;15.107913669064748;15.107913669064748;Bajo
28113;120;Pinto;0.1891025641025641;0.27564102564102566;0.5352564102564102;Cerca;Medio;Si;Bajo;Media;Media;Bajo;Media;0.48730405374429525;15.107913669064748;14.388489208633093;14.388489208633093;Bajo
28041;121;Cobeña;0.23237179487179488;0.5785256410256411;0.1891025641025641;Cerca;Alto;No;Alto;Alta;Alta;Bajo;Media;0.48176028420519895;29.496402877697843;13.66906474820144;13.66906474820144;Medio
28097;122;Navarredonda y San Mamés;0.2782874617737003;0.36085626911314983;0.36085626911314983;Lejos;Alto;No;Bajo;Alta;Media;Alto;Baja;0.47384578691641616;38.84892086330935;12.949640287769784;12.949640287769784;Alto
28005;123;Alcalá de Henares;0.1891025641025641;0.27564102564102566;0.5352564102564102;Cerca;Medio;Si;Medio;Media;Media;Bajo;Baja;0.45182453617355606;15.107913669064748;12.23021582733813;12.23021582733813;Bajo
28002;124;Ajalvir;0.1891025641025641;0.27564102564102566;0.5352564102564102;Cerca;Alto;No;Medio;Media;Media;Bajo;Baja;0.44992556137537093;15.107913669064748;11.510791366906476;11.510791366906476;Medio
28027;125;Buitrago del Lozoya;0.1891025641025641;0.27564102564102566;0.5352564102564102;Lejos;Medio;No;Medio;Media;Media;Bajo;Baja;0.4275694765319997;15.107913669064748;10.79136690647482;10.79136690647482;Alto
28052;126;Chinchón;0.31675874769797424;0.3664825046040516;0.31675874769797424;Media;Bajo;No;Bajo;Baja;Baja;Medio;Baja;0.408508100572785;53.956834532374096;10.071942446043165;10.071942446043165;Medio
28137;127;Santos de la Humosa (Los);0.08008658008658008;0.19696969696969696;0.722943722943723;Media;Medio;No;Medio;Baja;Baja;Bajo;Baja;0.37977091036492316;4.316546762589928;9.352517985611511;9.352517985611511;Medio
28076;128;Lozoya;0.08008658008658008;0.19696969696969696;0.722943722943723;Lejos;Medio;No;Medio;Alta;Baja;Bajo;Media;0.3393019652619449;4.316546762589928;8.633093525179856;8.633093525179856;Alto
28084;129;Mejorada del Campo;0.08008658008658008;0.19696969696969696;0.722943722943723;Cerca;Bajo;No;Medio;Baja;Baja;Bajo;Baja;0.3311253726820666;4.316546762589928;7.913669064748201;7.913669064748201;Bajo
28120;130;Rascafría;0.08008658008658008;0.19696969696969696;0.722943722943723;Lejos;Medio;No;Alto;Media;Baja;Bajo;Baja;0.31220372230755256;4.316546762589928;7.194244604316546;7.194244604316546;Alto
28074;131;Leganés;0.1891025641025641;0.27564102564102566;0.5352564102564102;Cerca;Bajo;Si;Bajo;Media;Media;Bajo;Baja;0.30423533684476706;15.107913669064748;6.474820143884892;6.474820143884892;Bajo
28092;132;Móstoles;0.1891025641025641;0.27564102564102566;0.5352564102564102;Cerca;Bajo;Si;Medio;Baja;Media;Bajo;Baja;0.2649821420999031;15.107913669064748;5.755395683453238;5.755395683453238;Bajo
28170;133;Villaconejos;0.08008658008658008;0.19696969696969696;0.722943722943723;Media;Bajo;No;Medio;Baja;Baja;Bajo;Baja;0.2528628850281721;4.316546762589928;5.0359712230215825;5.0359712230215825;Medio
28154;134;Torres de la Alameda;0.08008658008658008;0.19696969696969696;0.722943722943723;Cerca;Medio;No;Alto;Baja;Baja;Bajo;Baja;0.23173999227316974;4.316546762589928;4.316546762589928;4.316546762589928;Medio
28130;135;San Fernando de Henares;0.1891025641025641;0.27564102564102566;0.5352564102564102;Cerca;Bajo;Si;Medio;Media;Media;Bajo;Baja;0.23027968119838754;15.107913669064748;3.597122302158273;3.597122302158273;Bajo
28073;136;Humanes de Madrid;0.08008658008658008;0.19696969696969696;0.722943722943723;Cerca;Bajo;Si;Medio;Baja;Baja;Bajo;Baja;0.2153580767355989;4.316546762589928;2.877697841726619;2.877697841726619;Bajo
28147;137;Titulcia;0.08008658008658008;0.19696969696969696;0.722943722943723;Media;Bajo;No;Bajo;Baja;Baja;Bajo;Baja;0.20782175434276365;4.316546762589928;2.158273381294964;2.158273381294964;Alto
28049;138;Coslada;0.1891025641025641;0.27564102564102566;0.5352564102564102;Cerca;Bajo;Si;Alto;Media;Media;Bajo;Baja;0.01793297088720944;15.107913669064748;1.4388489208633095;1.4388489208633095;Bajo
28058;139;Fuenlabrada;0.08008658008658008;0.19696969696969696;0.722943722943723;Cerca;Bajo;Si;Medio;Baja;Baja;Bajo;Baja;0.0018881778853075321;4.316546762589928;0.7194244604316548;0.7194244604316548;Bajo
