fichero,estado,filas,filas_con_ine5,municipios_distintos
1002001.csv,ok,8022,7560,179
1002003.csv,ok,8022,7560,179
1002004.csv,ok,8022,7560,179
1002006.csv,ok,8022,7560,179
1002007.csv,ok,540,537,179
1002008.csv,ok,540,537,179
1002012.csv,ok,7067,6660,179
1002045.csv,ok,6876,6480,179
1002047.csv,ok,8022,7560,179
1002054.csv,ok,4584,4320,179
1003045.csv,ok,191,180,179
1003046.csv,ok,191,180,179
1003047.csv,ok,191,180,179
1003048.csv,ok,191,180,179
1003049.csv,ok,191,180,179
1003050.csv,ok,191,180,179
1003051.csv,ok,191,180,179
1003052.csv,ok,191,180,179
1003053.csv,ok,191,180,179
1003054.csv,ok,191,180,179
1003055.csv,ok,191,180,179
1003056.csv,ok,191,180,179
1003057.csv,ok,191,180,179
1003205.csv,ok,191,180,179
1003254.csv,ok,191,180,179
1003261.csv,ok,191,180,179
1003283.csv,ok,191,180,179
1003284.csv,ok,191,180,179
1003285.csv,ok,191,180,179
1003286.csv,ok,191,180,179
1003287.csv,ok,191,180,179
1003288.csv,ok,191,180,179
1003289.csv,ok,191,180,179
1003290.csv,ok,191,180,179
1003324.csv,ok,191,180,179
1003325.csv,ok,191,180,179
1004050.csv,ok,3759,3759,179
1005017.csv,ok,528,0,0
1006002.csv,ok,750,0,0
1006007.csv,ok,544,0,0
1006023.csv,ok,374,0,0
1006046.csv,ok,70,0,0
1006047.csv,ok,210,0,0
101001.csv,ok,573,540,179
101002.csv,ok,179,179,179
102027.csv,ok,120,0,0
103004.csv,ok,410,0,0
103009.csv,ok,615,0,0
1104037.csv,ok,573,540,179
1104042.csv,ok,573,540,179
1104059.csv,ok,573,540,179
1302003.csv,ok,410,0,0
1302121.csv,ok,324,0,0
1502118.csv,ok,4584,4320,179
1504033.csv,ok,6876,6480,179
1900036.csv,ok,200,0,0
1900071.csv,ok,198,0,0
1900661.csv,ok,210,0,0
1901623.csv,ok,810,0,0
1901701.csv,ok,3629,3420,179
1902161.csv,ok,4011,3780,179
1902280.csv,ok,3820,3600,179
1903260.csv,ok,3629,3420,179
1903682.csv,ok,30,0,0
1904060.csv,ok,3820,3600,179
1905840.csv,ok,5157,4860,179
1906501.csv,ok,136,0,0
1906580.csv,ok,264,0,0
1906581.csv,ok,336,0,0
1906582.csv,ok,264,0,0
1906820.csv,ok,374,0,0
1907183.csv,ok,114,0,0
1907961.csv,ok,200,0,0
1909386.csv,ok,154,0,0
1910403.csv,ok,240,0,0
1911323.csv,ok,624,0,0
1911759.csv,ok,30,0,0
1912645.csv,ok,88,0,0
1912880.csv,ok,527,0,0
1912940.csv,ok,3056,2880,179
1912941.csv,ok,3056,2880,179
1912942.csv,ok,3056,2880,179
1912943.csv,ok,3056,2880,179
1912944.csv,ok,3056,2880,179
1912945.csv,ok,3056,2880,179
1912946.csv,ok,3056,2880,179
1912947.csv,ok,3056,2880,179
1912948.csv,ok,3056,2880,179
1912949.csv,ok,3056,2880,179
1912950.csv,ok,3056,2880,179
1912951.csv,ok,3056,2880,179
1912952.csv,ok,3056,2880,179
1912953.csv,ok,3056,2880,179
1912954.csv,ok,3056,2880,179
1912955.csv,ok,3056,2880,179
1912956.csv,ok,3056,2880,179
1912957.csv,ok,3056,2880,179
1912958.csv,ok,3056,2880,179
1912959.csv,ok,3056,2880,179
1912960.csv,ok,3056,2880,179
1912961.csv,ok,3056,2880,179
1913140.csv,ok,410,0,0
1913143.csv,ok,1189,0,0
1913144.csv,ok,1189,0,0
1913260.csv,ok,2865,2700,179
1913261.csv,ok,2865,2700,179
1913883.csv,ok,2865,2700,179
1914500.csv,ok,112,0,0
1914681.csv,ok,500,0,0
1914780.csv,ok,2674,2520,179
1914781.csv,ok,2674,2520,179
1914783.csv,ok,2674,2520,179
1914784.csv,ok,2674,2520,179
1914785.csv,ok,2674,2520,179
1914786.csv,ok,2674,2520,179
1914787.csv,ok,2674,2520,179
1914788.csv,ok,2674,2520,179
1914789.csv,ok,2674,2520,179
1914791.csv,ok,2674,2520,179
1914792.csv,ok,2674,2520,179
1914820.csv,ok,3281,3060,179
1914822.csv,ok,3281,3060,179
1915080.csv,ok,3281,3060,179
1915481.csv,ok,33,0,0
1915482.csv,ok,9,0,0
1915483.csv,ok,10,0,0
1915484.csv,ok,13,0,0
1915485.csv,ok,6,0,0
1915500.csv,ok,44,0,0
1915501.csv,ok,20,0,0
1915505.csv,ok,8,0,0
1915506.csv,ok,191,180,179
1915508.csv,ok,191,180,179
1915743.csv,ok,20,0,0
1915744.csv,ok,66,0,0
1915745.csv,ok,12,0,0
1915746.csv,ok,8,0,0
1915750.csv,ok,9,0,0
1915751.csv,ok,6,0,0
1915752.csv,ok,10,0,0
1915801.csv,ok,3820,3600,179
1915803.csv,ok,3629,3420,179
1915804.csv,ok,3629,3420,179
1915880.csv,ok,191,180,179
1915900.csv,ok,7449,7020,179
1915942.csv,ok,4011,3780,179
1915943.csv,ok,4011,3780,179
1915944.csv,ok,4011,3780,179
1916180.csv,ok,2483,2340,179
1916181.csv,ok,2483,2340,179
1916182.csv,ok,2483,2340,179
1916304.csv,ok,102,0,0
1916888.csv,ok,280,0,0
1917221.csv,ok,370,0,0
1917222.csv,ok,90,0,0
1917280.csv,ok,296,0,0
1917301.csv,ok,764,720,179
1917320.csv,ok,160,0,0
1917322.csv,ok,192,0,0
1918032.csv,ok,221,0,0
1919141.csv,ok,48,0,0
1919187.csv,ok,572,0,0
1919420.csv,ok,60,0,0
1919421.csv,ok,84,0,0
1919422.csv,ok,36,0,0
1919423.csv,ok,22,0,0
1920184.csv,ok,2101,1980,179
1920300.csv,ok,1528,1440,179
1920380.csv,ok,80,0,0
1922323.csv,ok,40,0,0
1922701.csv,ok,179,179,179
1922762.csv,ok,3629,3420,179
1923100.csv,ok,57,0,0
1923421.csv,ok,48,0,0
1923524.csv,ok,99,0,0
1923960.csv,ok,1719,1620,179
1923962.csv,ok,1719,1620,179
1924420.csv,ok,1719,1620,179
1924527.csv,ok,45,0,0
1924981.csv,ok,3629,3420,179
1926462.csv,ok,40,0,0
1926540.csv,ok,105,0,0
1927681.csv,ok,48,0,0
1927701.csv,ok,72,0,0
1928060.csv,ok,104,0,0
1928121.csv,ok,297,0,0
1928360.csv,ok,2865,2700,179
1928361.csv,ok,2865,2700,179
1928362.csv,ok,2685,2685,179
1928841.csv,ok,3629,3420,179
1929103.csv,ok,12,0,0
1929104.csv,ok,48,0,0
1929105.csv,ok,12,0,0
1929121.csv,ok,39,0,0
1929122.csv,ok,48,0,0
1929123.csv,ok,72,0,0
1929141.csv,ok,18,0,0
1929206.csv,ok,180,179,179
1929207.csv,ok,180,179,179
1930606.csv,ok,955,900,179
1930607.csv,ok,955,900,179
1930645.csv,ok,955,900,179
1930728.csv,ok,5539,5220,179
1930729.csv,ok,5539,5220,179
1930730.csv,ok,5539,5220,179
1930747.csv,ok,5539,5220,179
1930748.csv,ok,7640,7200,179
1930846.csv,ok,1146,1080,179
1930906.csv,ok,5348,5040,179
1930925.csv,ok,4,0,0
1931107.csv,ok,181,179,179
1931746.csv,ok,20,0,0
1931747.csv,ok,90,0,0
1931748.csv,ok,35,0,0
1932888.csv,ok,5348,5040,179
1933065.csv,ok,24,0,0
1933165.csv,ok,207,0,0
1933230.csv,ok,128,0,0
1933685.csv,ok,1528,1440,179
1933826.csv,ok,2148,2148,179
1933946.csv,ok,20,0,0
1933947.csv,ok,24,0,0
1933985.csv,ok,382,360,179
1934027.csv,ok,72,0,0
1934225.csv,ok,252,0,0
1934226.csv,ok,63,0,0
1934245.csv,ok,22,0,0
1934246.csv,ok,32,0,0
1934257.csv,ok,108,0,0
1934258.csv,ok,108,0,0
1934259.csv,ok,108,0,0
1934260.csv,ok,108,0,0
1934261.csv,ok,108,0,0
1934262.csv,ok,108,0,0
1934263.csv,ok,108,0,0
1934285.csv,ok,120,0,0
1934286.csv,ok,72,0,0
1934287.csv,ok,132,0,0
1934306.csv,ok,56,0,0
1934426.csv,ok,42,0,0
1934427.csv,ok,84,0,0
1934428.csv,ok,8,0,0
1934430.csv,ok,294,0,0
1934445.csv,ok,2520,2506,179
1934485.csv,ok,57,0,0
1934526.csv,ok,450,0,0
1934665.csv,ok,48,0,0
1934705.csv,ok,26,0,0
201161.csv,ok,4393,4140,179
201276.csv,ok,5348,5040,179
202020.csv,ok,7449,7020,179
202021.csv,ok,5730,5400,179
202192.csv,ok,6112,5760,179
202193.csv,ok,6112,5760,179
203007.csv,ok,7258,6840,179
204050.csv,ok,6303,5940,179
301030.csv,ok,1716,0,0
301043.csv,ok,936,0,0
301058.csv,ok,175,0,0
302002.csv,ok,416,0,0
302038.csv,ok,4011,3780,179
303001.csv,ok,520,0,0
303007.csv,ok,120,0,0
402004.csv,ok,640,0,0
501125.csv,ok,5921,5580,179
501127.csv,ok,5921,5580,179
603018.csv,ok,528,0,0
603037.csv,ok,1258,0,0
603065.csv,ok,567,0,0
604009.csv,ok,176,0,0
701042.csv,ok,7831,7380,179
702005.csv,ok,7831,7380,179
702006.csv,ok,7831,7380,179
703004.csv,ok,40,0,0
901021.csv,ok,840,0,0
902015.csv,ok,608,0,0
afiliados_por_residencia_y_contrato.csv,ok,9650,9000,179
afiliados_por_residencia_y_edad.csv,ok,10036,9360,179
afiliados_por_residencia_y_empleo.csv,ok,10036,9360,179
afiliados_por_residencia_y_grupo.csv,ok,35126,32760,179
afiliados_por_residencia_y_jornada.csv,ok,12545,11700,179
afiliados_por_residencia_y_nacionalidad.csv,ok,7527,7020,179
afiliados_por_residencia_y_rama.csv,ok,17563,16380,179
afiliados_por_residencia_y_sexo.csv,ok,10036,9360,179
afiliados_por_ubicacion_y_rama.csv,ok,31405,29340,179
afiliados_por_ubicacion_y_regimen.csv,ok,31266,29160,179
afiliados_seg_social_media_mes_extranjeros_regimen_cnae09.csv,ok,43404,0,0
afiliados_seg_social_media_mes_extranjeros_regimen_cnae25.csv,ok,1440,0,0
afiliados_seg_social_media_mes_extranjeros_regimen_sexo_cm.csv,sin_columna_territorio,35450,0,0
afiliados_seg_social_media_mes_extranjeros_regimen_sexo_e.csv,sin_columna_territorio,40880,0,0
afiliados_seg_social_media_mes_regimen_2003_2011.csv,ok,6656,0,0
afiliados_seg_social_media_mes_regimen_sexo.csv,ok,55327,0,0
afiliados_seg_social_media_mes_sexo_contrato_jornada.csv,ok,35448,0,0
afiliados_seg_social_media_mes_sexo_edad.csv,ok,46002,0,0
afiliados_seg_social_rg_reta_media_mes_cnae09.csv,ok,60812,0,0
afiliados_seg_social_rg_reta_media_mes_cnae25.csv,ok,1632,0,0
afiliados_seg_social_ultimo_dia_mes_cc_cnae09.csv,sin_columna_territorio,73632,0,0
afiliados_seg_social_ultimo_dia_mes_cc_cnae93.csv,sin_columna_territorio,28865,0,0
afiliados_seg_social_ultimo_dia_mes_cc_cnae93_c2.csv,sin_columna_territorio,14274,0,0
afiliados_seg_social_ultimo_dia_mes_cc_municipio.csv,ok,60028,59428,179
afiliados_seg_social_ultimo_dia_mes_cc_regimen.csv,ok,21304,0,0
afiliados_seg_social_ultimo_dia_mes_cc_sector_cnae09.csv,ok,6268,0,0
afiliados_seg_social_ultimo_dia_mes_cc_sector_cnae25.csv,ok,60,0,0
afiliados_seg_social_ultimo_dia_mes_cnae_09_r12.csv,sin_columna_territorio,312,0,0
afiliados_seg_social_ultimo_dia_mes_cnae_25_r12.csv,sin_columna_territorio,195,0,0
afiliados_seg_social_ultimo_dia_mes_municipio.csv,ok,3780,3759,179
afiliados_seg_social_ultimo_dia_mes_regimen_sexo.csv,sin_columna_territorio,840,0,0
alquiler_medio_mensual_viviendas_arrendadas_valor_catastral_municipios_mas_20000.csv,ok,720,716,179
alquiler_metro_cuadrado_mensual_viviendas_arrendadas_valor_catastral_municipios_.csv,ok,720,716,179
alumnos_no_universitarios_general_por_tipo_y_ensenanza.csv,ok,219077,206460,179
alumnos_no_universitarios_por_tipo_y_regimen.csv,ok,49660,46800,179
barrios_municipio_madrid.csv,sin_columna_territorio,128,0,0
bibliotecas_publicas_fondos_por_tipo.csv,ok,16617,15660,179
bibliotecas_publicas_prestamos_por_tipo.csv,ok,16617,15660,179
bibliotecas_publicas_usuarios_por_tipo.csv,ok,16617,15660,179
bienes_interes_cultural_por_tipo.csv,ok,30942,29160,179
calidad_aire_zonas.csv,sin_columna_territorio,179,0,0
catastro_inmuebles_por_distrito_y_uso.csv,ok,2310,0,0
censo_2001_edificios_viviendas_por_anyo.csv,ok,2674,2520,179
censo_2001_edificios_viviendas_por_estado.csv,ok,955,900,179
censo_2001_edificios_viviendas_por_instalaciones.csv,ok,4584,4320,179
censo_2001_edificios_viviendas_por_propietario.csv,ok,955,900,179
censo_2001_edificios_viviendas_por_viviendas.csv,ok,2101,1980,179
censo_2001_estudiantes_residentes_familiares_por_tiempo_y_sexo.csv,ok,4584,4320,179
censo_2001_estudiantes_residentes_familiares_por_transporte_y_sexo.csv,ok,9168,8640,179
censo_2001_locales_activos_por_tipo.csv,ok,1719,1620,179
censo_2001_ocupados_residentes_familiares_por_lugar_y_sexo.csv,ok,2865,2700,179
censo_2001_ocupados_residentes_familiares_por_sexo.csv,ok,573,540,179
censo_2001_ocupados_residentes_familiares_por_tiempo_y_sexo.csv,ok,4584,4320,179
censo_2001_ocupados_residentes_familiares_por_transporte_y_sexo.csv,ok,8595,8100,179
censo_2001_poblacion_censada_por_sexo.csv,ok,573,540,179
censo_2001_porcentaje_edificios_viviendas_por_anyo.csv,ok,2483,2340,179
censo_2001_porcentaje_edificios_viviendas_por_instalaciones.csv,ok,955,900,179
censo_2001_porcentaje_locales_activos_por_tipo.csv,ok,1528,1440,179
censo_2001_porcentaje_viviendas_familiares_por_densidad.csv,ok,764,720,179
censo_2001_porcentaje_viviendas_familiares_por_estado.csv,ok,573,540,179
censo_2001_porcentaje_viviendas_familiares_por_habitaciones.csv,ok,764,720,179
censo_2001_porcentaje_viviendas_familiares_por_hacinamiento.csv,ok,573,540,179
censo_2001_porcentaje_viviendas_familiares_por_regimen.csv,ok,1337,1260,179
censo_2001_porcentaje_viviendas_familiares_por_superficie.csv,ok,955,900,179
censo_2001_residentes_familiares_por_edad_y_sexo.csv,ok,12606,11880,179
censo_2001_residentes_familiares_por_estado_y_sexo.csv,ok,1910,1800,179
censo_2001_residentes_familiares_por_estudios_y_sexo.csv,ok,13179,12420,179
censo_2001_residentes_familiares_por_tipo_y_sexo.csv,ok,1719,1620,179
censo_2001_viviendas_censadas_por_tipo.csv,ok,571,540,179
censo_2001_viviendas_colectivas_por_tipo.csv,ok,2865,2700,179
censo_2001_viviendas_familiares_por_anyo.csv,ok,1719,1620,179
censo_2001_viviendas_familiares_por_densidad.csv,ok,764,720,179
censo_2001_viviendas_familiares_por_estado_edificio.csv,ok,764,720,179
censo_2001_viviendas_familiares_por_estado_vivienda.csv,ok,955,900,179
censo_2001_viviendas_familiares_por_habitaciones.csv,ok,2101,1980,179
censo_2001_viviendas_familiares_por_hacinamiento.csv,ok,573,540,179
censo_2001_viviendas_familiares_por_instalaciones.csv,ok,4775,4500,179
censo_2001_viviendas_familiares_por_personas.csv,ok,1910,1800,179
censo_2001_viviendas_familiares_por_problemas.csv,ok,2292,2160,179
censo_2001_viviendas_familiares_por_regimen.csv,ok,1146,1080,179
censo_2001_viviendas_familiares_por_superficie.csv,ok,2865,2700,179
censo_2001_viviendas_familiares_por_tipo.csv,ok,1336,1260,179
censo_2001_viviendas_secundarias_por_anyo.csv,ok,2101,1980,179
censo_2001_viviendas_vacias_por_anyo.csv,ok,2092,1971,179
censo_2011_establecimientos_colectivos_por_tipo.csv,ok,1146,1080,179
censo_2011_poblacion_censada_por_edad_y_sexo.csv,ok,12033,11340,179
censo_2011_poblacion_censada_por_nacimiento_y_sexo.csv,ok,3438,3240,179
censo_2011_poblacion_censada_por_sexo.csv,ok,573,540,179
censo_2011_porcentaje_viviendas_censadas_por_tipo.csv,ok,573,540,179
censo_2011_viviendas_censadas_por_tipo.csv,ok,955,900,179
censo_2020_distribucion_sau.csv,ok,2674,2520,179
censo_2020_ganaderia.csv,ok,2292,2160,179
censo_2020_jefes_por_edad.csv,ok,2674,2520,179
censo_2020_jefes_por_formacion.csv,ok,955,900,179
censo_2020_jefes_por_sexo.csv,ok,1146,1080,179
censo_2021_hogares_por_tamanyo.csv,ok,1146,1080,179
censo_2021_poblacion_por_edad_nacionalidad_y_sexo.csv,ok,6876,6480,179
censo_2021_poblacion_por_estudios_nacionalidad_y_sexo.csv,ok,8595,8100,179
censo_2021_poblacion_por_nacimiento_y_sexo.csv,ok,5157,4860,179
censo_2021_poblacion_por_nacionalidad_y_sexo.csv,ok,5730,5400,179
censo_2021_porcentaje_viviendas_familiares_por_tenencia.csv,ok,540,537,179
censo_2021_porcentaje_viviendas_familiares_por_tipo.csv,ok,382,360,179
censo_2021_porcentaje_viviendas_familiares_por_tipo_edificio.csv,ok,1080,1074,179
censo_2021_viviendas_familiares_por_anyo.csv,ok,2292,2160,179
censo_2021_viviendas_familiares_por_superficie.csv,ok,2101,1980,179
censo_2021_viviendas_familiares_por_tamanyo.csv,ok,955,900,179
censo_2021_viviendas_familiares_por_tenencia.csv,ok,567,537,178
censo_2021_viviendas_familiares_por_tipo.csv,ok,573,540,179
censo_2021_viviendas_por_consumo_electrico.csv,ok,2896,2864,179
censo_2021_viviendas_por_superficie_tamanio_municipio_y_tipo.csv,ok,432,0,0
censo_89_99_09_explotaciones_agricolas.csv,ok,4584,4320,179
censo_89_99_09_explotaciones_agricolas_porcentaje.csv,ok,3438,3240,179
censo_89_99_09_ganaderia.csv,ok,4584,4320,179
censo_89_99_09_ganaderia_porcentaje.csv,ok,4011,3780,179
censo_89_99_09_sau.csv,ok,1528,1440,179
censo_89_99_09_sau_porcentaje.csv,ok,955,900,179
censo_89_99_09_superficie.csv,ok,2292,2160,179
censo_89_99_09_superficie_porcentaje.csv,ok,1719,1620,179
censo_anual_vivienda_por_antiguedad.csv,ok,6112,5760,179
censo_anual_vivienda_por_superficie_agregada.csv,ok,3820,3600,179
censo_conductores_por_sexo.csv,ok,12738,11880,179
centros_no_universitarios_general_por_tipo_y_ensenanza.csv,ok,215257,202860,179
centros_sanitarios_por_tipo.csv,ok,17190,16200,179
centros_servicios_establecimientos_sanitarios.csv,sin_columna_territorio,45962,0,0
centros_servicios_sociales_por_tipo.csv,ok,11508,10800,179
col_emp_estratos.csv,ok,29414,27720,179
col_emp_manufact.csv,ok,4202,3960,179
col_emp_ramas.csv,ok,54626,51480,179
col_emp_ramas_1000.csv,ok,54626,51480,179
colectivo_empresarial_base_2015_por_distrito_y_estrato_empleo.csv,ok,3388,0,0
colectivo_empresarial_base_2015_por_distrito_y_rama_actividad_r12.csv,ok,5808,0,0
colectivo_empresarial_base_2015_por_rama_actividad_r12_y_estrato_empleo.csv,ok,1980,0,0
comercio_exterior_tasa_cobertura_saldo_comercial.csv,ok,6728,0,0
componentes_saldo_migratorio_por_tipo_y_sexo.csv,ok,38964,36720,179
construccion_viviendas.csv,ok,24727,0,0
contratos_comunitarios_por_tipo_sector_y_sexo.csv,ok,152991,144180,179
contratos_espanyoles_por_tipo_sector_y_sexo.csv,ok,152991,144180,179
contratos_extracomunitarios_por_tipo_sector_y_sexo.csv,ok,152991,144180,179
contratos_extranjeros_por_tipo_sector_y_sexo.csv,ok,152991,144180,179
contratos_por_tipo_sector_y_sexo.csv,ok,152991,144180,179
contratos_trabajo_municipio.csv,ok,182152,182152,179
covid19_tia_muni_y_distritos.csv,sin_columna_territorio,18877,0,0
covid19_tia_muni_y_distritos_60ymas.csv,sin_columna_territorio,11542,0,0
declaraciones_actividad_viviendas_uso_turistico.csv,sin_columna_territorio,1156,0,0
defunciones_por_causa_y_sexo.csv,ok,248300,234000,179
demografia_empresarial_ambito_geografico.csv,sin_columna_territorio,11368,0,0
demografia_empresarial_cnae09.csv,sin_columna_territorio,37345,0,0
demografia_empresarial_cnae25.csv,sin_columna_territorio,573,0,0
demografia_empresarial_comparativa_actividad_cnae09.csv,ok,3264,0,0
demografia_empresarial_comparativa_actividad_cnae25.csv,ok,96,0,0
demografia_empresarial_comparativa_ambito_geografico.csv,ok,1872,0,0
demografia_empresarial_comparativa_numero_trabajadores.csv,ok,3744,0,0
demografia_empresarial_comparativa_tipo_persona.csv,ok,1248,0,0
demografia_empresarial_comparativa_total.csv,ok,9360,0,0
demografia_empresarial_numero_trabajadores.csv,sin_columna_territorio,34246,0,0
demografia_empresarial_tipo_persona.csv,sin_columna_territorio,11636,0,0
demografia_empresarial_total.csv,sin_columna_territorio,5818,0,0
deuda_viva.csv,ok,6876,6480,179
dias_alquiler_medios_viviendas_arrendadas_valor_catastral_municipios_mas_20000.csv,ok,720,716,179
din_emp.csv,ok,25090,23400,179
dinamica_ocupacion_tamanio_empresa.csv,sin_columna_territorio,4941,0,0
distritos_municipio_madrid.csv,sin_columna_territorio,21,0,0
ebds_0001519123.csv,sin_columna_territorio,53,0,0
edad_media_por_nacionalidad_y_sexo.csv,ok,8100,8055,179
elecciones_asamblea.csv,ok,13510,12600,179
elecciones_asamblea_distritos_madrid.csv,ok,2289,0,0
elecciones_asamblea_porcentaje_votos_por_candidaturas.csv,ok,12159,11340,179
elecciones_asamblea_votos_por_candidaturas.csv,ok,10229,9540,179
elecciones_congreso.csv,ok,17563,16380,179
elecciones_congreso_diputados_distritos_madrid.csv,ok,2751,0,0
elecciones_congreso_porcentaje_votos_por_candidaturas.csv,ok,12545,11700,179
elecciones_congreso_votos_por_candidaturas.csv,ok,12545,11700,179
elecciones_locales.csv,ok,13370,12600,179
elecciones_locales_concejales_por_candidaturas_y_sexo.csv,ok,21770,20520,179
elecciones_locales_distritos_madrid.csv,ok,2268,0,0
elecciones_locales_porcentaje_votos_por_candidaturas.csv,ok,11269,10620,179
elecciones_locales_votos_por_candidaturas.csv,ok,9359,8820,179
elecciones_parlamento_europeo.csv,ok,12159,11340,179
elecciones_parlamento_europeo_distritos_madrid.csv,ok,1806,0,0
elecciones_parlamento_europeo_porcentaje_votos_por_candidaturas.csv,ok,10422,9720,179
elecciones_parlamento_europeo_votos_por_candidaturas.csv,ok,8685,8100,179
elecciones_senado.csv,ok,17563,16380,179
elecciones_senado_distritos_madrid.csv,ok,2751,0,0
elecciones_senado_votos_por_candidaturas.csv,ok,12545,11700,179
encuesta_europea_salud_2009_poblacion_problemas_vivienda_residen_por_sexo.csv,ok,48,0,0
energia_electrica_facturada.csv,ok,14707,13860,179
entidades_credito.csv,ok,4202,3960,179
eoate_alojamientos_turismo_rural.csv,ok,8394,0,0
esperanza_vida_municipios_mayores_100000_hab_por_sexo.csv,ok,495,0,0
establecimientos_hoteleros.csv,ok,138093,130140,179
establecimientos_productos_sanitarios.csv,sin_columna_territorio,2293,0,0
estancias_establecimientos_sanitarios_por_pago.csv,ok,673,0,0
farmacias.csv,ok,6494,6120,179
gastos_empresas_proteccion_ambiental.csv,ok,816,0,0
grado_envejecimiento_por_edad.csv,ok,27695,26100,179
grado_juventud_por_edad.csv,ok,22156,20880,179
hechos_conocidos_penales_por_tipologia_municipios_mayores_20000_por_municipio.csv,ok,4380,0,0
hipermercados_por_municipios.csv,ok,1156,0,0
ibi.csv,ok,49918,47806,179
indicador_confianza_empresarial.csv,ok,408,0,0
infraestructura_transporte_publico.csv,ok,36481,34380,179
ipv_ine_base_2007.csv,ok,690,0,0
ipv_ine_base_2015.csv,ok,1338,0,0
ipv_ine_base_2025.csv,ok,1374,0,0
ipvcm_base_2022_antiguedad.csv,sin_columna_territorio,294,0,0
ipvcm_base_2022_distrito_madrid.csv,ok,1012,0,0
ipvcm_base_2022_municipio.csv,ok,1470,1372,28
ipvcm_base_2022_tipo_superficie.csv,sin_columna_territorio,343,0,0
ipvcm_base_2022_zona_estadistica.csv,ok,490,0,0
irpf_base_imponible_ahorro.csv,ok,5348,5040,179
irpf_base_imponible_total.csv,ok,6562,6120,179
irpf_declaraciones_por_tramo.csv,ok,20089,18900,179
irpf_indicador_renta.csv,ok,5157,4860,179
irpf_rendimiento_trabajo_irpf.csv,ok,6562,6120,179
licencias_federadas_por_deporte_y_sexo.csv,ok,3953,0,0
lineas_telefonicas_por_tipo.csv,ok,10696,10080,179
metros_cuadrados_medios_viviendas_arrendadas_valor_catastral_municipios_mas_2000.csv,ok,720,716,179
migraciones_por_procedencia_destino_edad_y_sexo.csv,ok,233784,220320,179
migraciones_por_procedencia_destino_y_sexo.csv,ok,11460,10800,179
mnp_crecimiento_vegetativo.csv,ok,15089,14220,179
mnp_defunciones_menores_1_por_edad_y_sexo.csv,ok,151081,142380,179
mnp_defunciones_por_edad_y_sexo.csv,ok,497746,469080,179
mnp_defunciones_por_estado_civil_y_sexo.csv,ok,72580,68400,179
mnp_matrimonios_distinto_sexo_por_edad_y_sexo.csv,ok,64176,60480,179
mnp_matrimonios_mismo_sexo_por_sexo.csv,ok,7640,7200,179
mnp_matrimonios_por_tipo.csv,ok,15280,14400,179
mnp_muertes_fetales_por_sexo.csv,ok,17190,16200,179
mnp_nacidos_vivos_por_edad_y_nacionalidad.csv,ok,148980,140400,179
mnp_nacidos_vivos_por_residencia_y_sexo.csv,ok,22538,21240,179
muface_por_sexo.csv,ok,6948,6480,179
municipio_comunidad_madrid.csv,sin_columna_territorio,179,0,0
oficinas_entidades_financieras.csv,ok,902,0,0
padron_extranjero_por_sexo.csv,ok,10314,9720,179
padron_por_sexo.csv,ok,18718,17640,179
parcelas_portal_suelo.csv,sin_columna_territorio,533,0,0
parcelas_urbanas_edificadas_por_propiedad.csv,ok,31515,29700,179
parcelas_urbanas_edificadas_por_superficie.csv,ok,44121,41580,179
parcelas_urbanas_por_edificacion.csv,ok,37818,35640,179
parcelas_urbanas_sin_edificar_por_superficie.csv,ok,44121,41580,179
paro_100_por_sexo.csv,ok,7640,7200,179
paro_por_edad_y_sexo.csv,ok,48132,45360,179
paro_por_nacionalidad_sector_y_sexo_09.csv,ok,170181,160380,179
paro_por_nacionalidad_sector_y_sexo_25.csv,ok,8595,8100,179
paro_registrado_cnae09.csv,ok,10128,0,0
paro_registrado_cnae93.csv,ok,4440,0,0
paro_registrado_cnae93_municipios.csv,ok,98148,98148,179
paro_registrado_edad_municipio.csv,sin_columna_territorio,150897,0,0
paro_registrado_extranjeros_sexo.csv,sin_columna_territorio,3108,0,0
paro_registrado_sexo_edad.csv,ok,34356,0,0
paro_registrado_sexo_municipio.csv,sin_columna_territorio,150650,0,0
paro_registrado_sit_laboral_cnae09.csv,ok,474,0,0
paro_registrado_sit_laboral_cnae93.csv,ok,742,0,0
parque_vehiculos_por_antiguedad.csv,ok,10080,10024,179
parque_vehiculos_por_combustible.csv,ok,5400,5370,179
parque_vehiculos_por_distintivo.csv,ok,4500,4475,179
parque_vehiculos_por_tipo.csv,ok,19428,19332,179
pensiones_contributivas_importe_medio_mensual_pensionista_por_distritos_y_sexo.csv,ok,828,0,0
pensiones_contributivas_pensionistas_por_distritos_y_sexo.csv,ok,828,0,0
pensiones_contributivas_por_sexo.csv,ok,13464,12924,179
personas_discapacidad_por_edad_y_sexo.csv,ok,21037,19620,179
personas_discapacidad_por_tipo_y_sexo.csv,ok,17370,16200,179
pib_municipal_2015.csv,ok,5348,5040,179
pib_municipal_2015_act.csv,ok,8022,7560,179
pib_municipal_2021.csv,ok,4011,3780,179
pib_municipal_per_capita_2015.csv,ok,5348,5040,179
pib_municipal_per_capita_2015_act.csv,ok,8022,7560,179
pib_municipal_per_capita_2021.csv,ok,4011,3780,179
pib_municipal_porcentaje_2015.csv,ok,4584,4320,179
pib_municipal_porcentaje_2015_act.csv,ok,6876,6480,179
pib_municipal_porcentaje_2021.csv,ok,3438,3240,179
poblacion_censada_extranjera_por_sexo_y_nacionalidad.csv,ok,25785,24300,179
poblacion_censada_por_actividad_y_sexo.csv,ok,13752,12960,179
poblacion_censada_por_anyo_llegada_y_sexo.csv,ok,13752,12960,179
poblacion_censada_por_edad_nacionalidad_y_sexo.csv,ok,189090,178200,179
poblacion_censada_por_estudios_y_nacionalidad.csv,ok,7640,7200,179
poblacion_censada_por_estudios_y_sexo.csv,ok,11460,10800,179
poblacion_censada_por_nacimiento_y_sexo.csv,ok,25785,24300,179
poblacion_ocupada_por_ocupacion_y_sexo.csv,ok,6876,6480,179
poblacion_ocupada_por_rama_y_sexo.csv,ok,8595,8100,179
poblacion_ocupada_por_situacion_y_sexo.csv,ok,3438,3240,179
porcentaje_afiliados_por_residencia_y_contrato.csv,ok,5018,4680,179
porcentaje_afiliados_por_residencia_y_edad.csv,ok,7527,7020,179
porcentaje_afiliados_por_residencia_y_nacionalidad.csv,ok,5018,4680,179
porcentaje_afiliados_por_residencia_y_sexo.csv,ok,5018,4680,179
porcentaje_alumnos_no_universitarios_por_tipo.csv,ok,11460,10800,179
porcentaje_contratos_por_sexo.csv,ok,8022,7560,179
porcentaje_contratos_por_tipo.csv,ok,8022,7560,179
porcentaje_defunciones_por_causa_y_sexo.csv,ok,59592,56160,179
porcentaje_paro_por_edad_y_sexo.csv,ok,24066,22680,179
porcentaje_paro_por_nacionalidad_25.csv,ok,382,360,179
porcentaje_paro_por_sector_09.csv,ok,16235,15300,179
porcentaje_paro_por_sector_25.csv,ok,955,900,179
porcentaje_poblacion_censada_extranjera_por_nacionalidad.csv,ok,7640,7200,179
porcentaje_poblacion_extranjera_censada_por_sexo.csv,ok,1910,1800,179
precio_medio_suelo_urbano.csv,ok,3297,0,0
presu_ini_gastos.csv,ok,63603,59940,179
presu_ini_ingresos.csv,ok,44121,41580,179
presu_liq_gastos.csv,ok,59783,56340,179
presu_liq_ingresos.csv,ok,42020,39600,179
profesores_no_universitarios_general_por_tipo_y_ensenanza.csv,ok,173428,163440,179
referendum_alianza_atlantica.csv,ok,1930,1800,179
referendum_constitucion_europea.csv,ok,1930,1800,179
referendum_constitucion_europea_distritos_madrid.csv,ok,168,0,0
registro_establecimientos_adorno_corporal.csv,sin_columna_territorio,1265,0,0
registro_establecimientos_comercio_por_menor_carne.csv,sin_columna_territorio,15483,0,0
registro_establecimientos_servicios_biocidas.csv,sin_columna_territorio,774,0,0
relacion_nacimiento_residencia.csv,ok,11460,10800,179
relacion_residencia_10_anyos_actual_por_nacionalidad_y_sexo.csv,ok,13752,12960,179
relacion_residencia_anterior_actual_por_nacionalidad_y_sexo.csv,ok,12033,11340,179
rentabilidad_bruta_viviendas_arrendadas_valor_catastral_municipios_mas_20000.csv,ok,720,716,179
saldo_migratorio_por_destino_y_sexo.csv,ok,6876,6480,179
saldo_migratorio_por_destino_y_sexo_variaciones.csv,ok,35144,33120,179
spacm_ayudas_alquiler_vivienda_jovenes_sectores_escasos_recursos.csv,sin_columna_territorio,545,0,0
spacm_bono_alquiler_joven_2022.csv,sin_columna_territorio,160,0,0
suelos_contaminados.csv,sin_columna_territorio,508,0,0
tasaciones_vivienda.csv,ok,172,0,0
tic_empresas_mas_10_empleados_por_actividad.csv,ok,792,0,0
titulares_inmuebles.csv,ok,16426,15480,179
transacciones_inmobiliarias_es30_residencia_nacionalidad.csv,sin_columna_territorio,1841,0,0
transacciones_inmobiliarias_es_residencia_nacionalidad.csv,sin_columna_territorio,1860,0,0
transacciones_inmobiliarias_libre.csv,ok,7764,0,0
transacciones_inmobiliarias_libre_tipologia_edificio.csv,ok,3288,0,0
transacciones_inmobiliarias_lugar_residencia_comprador.csv,sin_columna_territorio,15614,0,0
transacciones_inmobiliarias_municipio.csv,ok,74267,74267,179
transacciones_inmobiliarias_protegida.csv,ok,3286,0,0
transacciones_inmobiliarias_residentes.csv,sin_columna_territorio,15669,0,0
transacciones_suelo_urbano_tamanio_municipio.csv,ok,2580,0,0
transacciones_suelo_urbano_tipo_persona.csv,ok,5112,0,0
transacciones_vivienda_nueva_usada_municipio.csv,ok,83545,83545,179
unidades_centros_no_universitarios_general_por_tipo_y_ensenanza.csv,ok,220414,207720,179
unidades_urbanas_por_uso.csv,ok,105432,99360,179
valor_catastral_construccion.csv,ok,8022,7560,179
valor_catastral_suelo.csv,ok,8022,7560,179
valor_catastral_urbano.csv,ok,16044,15120,179
valor_catastral_urbano_por_uso.csv,ok,52716,49680,179
valor_referencia_viviendas_arrendadas_valor_catastral_municipios_mas_20000.csv,ok,720,716,179
valor_tasado_por_antiguedad.csv,ok,4654,4654,179
valor_tasado_vivienda_antiguedad.csv,ok,680,0,0
valor_tasado_vivienda_municipio_antiguedad.csv,ok,14038,14038,28
valor_tasado_vivienda_tipo.csv,ok,1356,0,0
venta_ambulante.csv,ok,22,2,1
venta_ambulante_por_distritos.csv,ok,30,0,0
viviendas_avs.csv,sin_columna_territorio,844,0,0
viviendas_valor_catastral_municipios_mas_20000_habitantes.csv,ok,1800,1790,179
volumen_agua_facturado.csv,ok,15280,14400,179
