fichero,estado,nombres_casados,nombres_distintos
1002001.csv,ok,155,191
1002003.csv,ok,155,191
1002004.csv,ok,155,191
1002006.csv,ok,155,191
1002007.csv,ok,155,180
1002008.csv,ok,155,180
1002012.csv,ok,155,191
1002045.csv,ok,155,191
1002047.csv,ok,155,191
1002054.csv,ok,155,191
1003045.csv,ok,155,191
1003046.csv,ok,155,191
1003047.csv,ok,155,191
1003048.csv,ok,155,191
1003049.csv,ok,155,191
1003050.csv,ok,155,191
1003051.csv,ok,155,191
1003052.csv,ok,155,191
1003053.csv,ok,155,191
1003054.csv,ok,155,191
1003055.csv,ok,155,191
1003056.csv,ok,155,191
1003057.csv,ok,155,191
1003205.csv,ok,155,191
1003254.csv,ok,155,191
1003261.csv,ok,155,191
1003283.csv,ok,155,191
1003284.csv,ok,155,191
1003285.csv,ok,155,191
1003286.csv,ok,155,191
1003287.csv,ok,155,191
1003288.csv,ok,155,191
1003289.csv,ok,155,191
1003290.csv,ok,155,191
1003324.csv,ok,155,191
1003325.csv,ok,155,191
1004050.csv,ok,155,179
1005017.csv,ok,0,1
1006002.csv,ok,0,1
1006007.csv,ok,0,1
1006023.csv,ok,0,1
1006046.csv,ok,0,1
1006047.csv,ok,0,1
101001.csv,ok,155,191
101002.csv,ok,155,179
102027.csv,ok,0,1
103004.csv,ok,0,1
103009.csv,ok,0,1
1104037.csv,ok,155,191
1104042.csv,ok,155,191
1104059.csv,ok,155,191
1302003.csv,ok,0,1
1302121.csv,ok,0,1
1502118.csv,ok,155,191
1504033.csv,ok,155,191
1900036.csv,ok,0,1
1900071.csv,ok,0,1
1900661.csv,ok,0,1
1901623.csv,ok,0,1
1901701.csv,ok,155,191
1902161.csv,ok,155,191
1902280.csv,ok,155,191
1903260.csv,ok,155,191
1903682.csv,ok,0,1
1904060.csv,ok,155,191
1905840.csv,ok,155,191
1906501.csv,ok,0,1
1906580.csv,ok,0,1
1906581.csv,ok,0,1
1906582.csv,ok,0,1
1906820.csv,ok,0,1
1907183.csv,ok,0,1
1907961.csv,ok,0,1
1909386.csv,ok,0,1
1910403.csv,ok,0,1
1911323.csv,ok,0,1
1911759.csv,ok,0,1
1912645.csv,ok,0,1
1912880.csv,ok,0,1
1912940.csv,ok,155,191
1912941.csv,ok,155,191
1912942.csv,ok,155,191
1912943.csv,ok,155,191
1912944.csv,ok,155,191
1912945.csv,ok,155,191
1912946.csv,ok,155,191
1912947.csv,ok,155,191
1912948.csv,ok,155,191
1912949.csv,ok,155,191
1912950.csv,ok,155,191
1912951.csv,ok,155,191
1912952.csv,ok,155,191
1912953.csv,ok,155,191
1912954.csv,ok,155,191
1912955.csv,ok,155,191
1912956.csv,ok,155,191
1912957.csv,ok,155,191
1912958.csv,ok,155,191
1912959.csv,ok,155,191
1912960.csv,ok,155,191
1912961.csv,ok,155,191
1913140.csv,ok,0,1
1913143.csv,ok,0,1
1913144.csv,ok,0,1
1913260.csv,ok,155,191
1913261.csv,ok,155,191
1913883.csv,ok,155,191
1914500.csv,ok,0,1
1914681.csv,ok,0,1
1914780.csv,ok,155,191
1914781.csv,ok,155,191
1914783.csv,ok,155,191
1914784.csv,ok,155,191
1914785.csv,ok,155,191
1914786.csv,ok,155,191
1914787.csv,ok,155,191
1914788.csv,ok,155,191
1914789.csv,ok,155,191
1914791.csv,ok,155,191
1914792.csv,ok,155,191
1914820.csv,ok,155,193
1914822.csv,ok,155,193
1915080.csv,ok,155,193
1915481.csv,ok,0,1
1915482.csv,ok,0,1
1915483.csv,ok,0,1
1915484.csv,ok,0,1
1915485.csv,ok,0,1
1915500.csv,ok,0,1
1915501.csv,ok,0,1
1915505.csv,ok,0,1
1915506.csv,ok,155,191
1915508.csv,ok,155,191
1915743.csv,ok,0,1
1915744.csv,ok,0,1
1915745.csv,ok,0,1
1915746.csv,ok,0,1
1915750.csv,ok,0,1
1915751.csv,ok,0,1
1915752.csv,ok,0,1
1915801.csv,ok,155,191
1915803.csv,ok,155,191
1915804.csv,ok,155,191
1915880.csv,ok,155,191
1915900.csv,ok,155,191
1915942.csv,ok,155,191
1915943.csv,ok,155,191
1915944.csv,ok,155,191
1916180.csv,ok,155,191
1916181.csv,ok,155,191
1916182.csv,ok,155,191
1916304.csv,ok,0,1
1916888.csv,ok,0,1
1917221.csv,ok,0,1
1917222.csv,ok,0,1
1917280.csv,ok,0,1
1917301.csv,ok,155,191
1917320.csv,ok,0,1
1917322.csv,ok,0,1
1918032.csv,ok,0,1
1919141.csv,ok,0,1
1919187.csv,ok,0,1
1919420.csv,ok,0,1
1919421.csv,ok,0,1
1919422.csv,ok,0,1
1919423.csv,ok,0,1
1920184.csv,ok,155,191
1920300.csv,ok,155,191
1920380.csv,ok,0,1
1922323.csv,ok,0,1
1922701.csv,ok,155,179
1922762.csv,ok,155,191
1923100.csv,ok,0,1
1923421.csv,ok,0,1
1923524.csv,ok,0,1
1923960.csv,ok,155,191
1923962.csv,ok,155,191
1924420.csv,ok,155,191
1924527.csv,ok,0,1
1924981.csv,ok,155,191
1926462.csv,ok,0,1
1926540.csv,ok,0,1
1927681.csv,ok,0,1
1927701.csv,ok,0,1
1928060.csv,ok,0,1
1928121.csv,ok,0,1
1928360.csv,ok,155,191
1928361.csv,ok,155,191
1928362.csv,ok,155,179
1928841.csv,ok,155,191
1929103.csv,ok,0,1
1929104.csv,ok,0,1
1929105.csv,ok,0,1
1929121.csv,ok,0,1
1929122.csv,ok,0,1
1929123.csv,ok,0,1
1929141.csv,ok,0,1
1929206.csv,ok,155,180
1929207.csv,ok,155,180
1930606.csv,ok,155,191
1930607.csv,ok,155,191
1930645.csv,ok,155,191
1930728.csv,ok,155,191
1930729.csv,ok,155,191
1930730.csv,ok,155,191
1930747.csv,ok,155,191
1930748.csv,ok,155,191
1930846.csv,ok,155,191
1930906.csv,ok,155,191
1930925.csv,ok,0,1
1931107.csv,ok,155,181
1931746.csv,ok,0,1
1931747.csv,ok,0,1
1931748.csv,ok,0,1
1932888.csv,ok,155,191
1933065.csv,ok,0,1
1933165.csv,ok,0,1
1933230.csv,ok,0,1
1933685.csv,ok,155,191
1933826.csv,ok,155,179
1933946.csv,ok,0,1
1933947.csv,ok,0,1
1933985.csv,ok,155,191
1934027.csv,ok,0,1
1934225.csv,ok,0,1
1934226.csv,ok,0,1
1934245.csv,ok,0,1
1934246.csv,ok,0,1
1934257.csv,ok,0,1
1934258.csv,ok,0,1
1934259.csv,ok,0,1
1934260.csv,ok,0,1
1934261.csv,ok,0,1
1934262.csv,ok,0,1
1934263.csv,ok,0,1
1934285.csv,ok,0,1
1934286.csv,ok,0,1
1934287.csv,ok,0,1
1934306.csv,ok,0,1
1934426.csv,ok,0,1
1934427.csv,ok,0,1
1934428.csv,ok,0,1
1934430.csv,ok,0,1
1934445.csv,ok,155,180
1934485.csv,ok,0,1
1934526.csv,ok,0,1
1934665.csv,ok,0,1
1934705.csv,ok,0,1
201161.csv,ok,155,191
201276.csv,ok,155,191
202020.csv,ok,155,191
202021.csv,ok,155,191
202192.csv,ok,155,191
202193.csv,ok,155,191
203007.csv,ok,155,191
204050.csv,ok,155,191
301030.csv,ok,0,1
301043.csv,ok,0,1
301058.csv,ok,0,1
302002.csv,ok,0,1
302038.csv,ok,155,191
303001.csv,ok,0,1
303007.csv,ok,0,1
402004.csv,ok,0,1
501125.csv,ok,155,191
501127.csv,ok,155,191
603018.csv,ok,0,1
603037.csv,ok,0,1
603065.csv,ok,0,1
604009.csv,ok,0,1
701042.csv,ok,155,191
702005.csv,ok,155,191
702006.csv,ok,155,191
703004.csv,ok,0,1
901021.csv,ok,0,1
902015.csv,ok,0,1
afiliados_por_residencia_y_contrato.csv,ok,155,193
afiliados_por_residencia_y_edad.csv,ok,155,193
afiliados_por_residencia_y_empleo.csv,ok,155,193
afiliados_por_residencia_y_grupo.csv,ok,155,193
afiliados_por_residencia_y_jornada.csv,ok,155,193
afiliados_por_residencia_y_nacionalidad.csv,ok,155,193
afiliados_por_residencia_y_rama.csv,ok,155,193
afiliados_por_residencia_y_sexo.csv,ok,155,193
afiliados_por_ubicacion_y_rama.csv,ok,155,193
afiliados_por_ubicacion_y_regimen.csv,ok,155,193
afiliados_seg_social_media_mes_extranjeros_regimen_cnae09.csv,ok,0,2
afiliados_seg_social_media_mes_extranjeros_regimen_cnae25.csv,ok,0,2
afiliados_seg_social_media_mes_extranjeros_regimen_sexo_cm.csv,sin_territorio,0,0
afiliados_seg_social_media_mes_extranjeros_regimen_sexo_e.csv,sin_territorio,0,0
afiliados_seg_social_media_mes_regimen_2003_2011.csv,ok,0,2
afiliados_seg_social_media_mes_regimen_sexo.csv,ok,0,2
afiliados_seg_social_media_mes_sexo_contrato_jornada.csv,ok,0,2
afiliados_seg_social_media_mes_sexo_edad.csv,ok,0,2
afiliados_seg_social_rg_reta_media_mes_cnae09.csv,ok,0,2
afiliados_seg_social_rg_reta_media_mes_cnae25.csv,ok,0,2
afiliados_seg_social_ultimo_dia_mes_cc_cnae09.csv,sin_territorio,0,0
afiliados_seg_social_ultimo_dia_mes_cc_cnae93.csv,sin_territorio,0,0
afiliados_seg_social_ultimo_dia_mes_cc_cnae93_c2.csv,sin_territorio,0,0
afiliados_seg_social_ultimo_dia_mes_cc_municipio.csv,ok,155,182
afiliados_seg_social_ultimo_dia_mes_cc_regimen.csv,ok,0,2
afiliados_seg_social_ultimo_dia_mes_cc_sector_cnae09.csv,ok,0,2
afiliados_seg_social_ultimo_dia_mes_cc_sector_cnae25.csv,ok,0,1
afiliados_seg_social_ultimo_dia_mes_cnae_09_r12.csv,sin_territorio,0,0
afiliados_seg_social_ultimo_dia_mes_cnae_25_r12.csv,sin_territorio,0,0
afiliados_seg_social_ultimo_dia_mes_municipio.csv,ok,155,180
afiliados_seg_social_ultimo_dia_mes_regimen_sexo.csv,sin_territorio,0,0
alquiler_medio_mensual_viviendas_arrendadas_valor_catastral_municipios_mas_20000.csv,ok,155,180
alquiler_metro_cuadrado_mensual_viviendas_arrendadas_valor_catastral_municipios_.csv,ok,155,180
alumnos_no_universitarios_general_por_tipo_y_ensenanza.csv,ok,155,191
alumnos_no_universitarios_por_tipo_y_regimen.csv,ok,155,191
barrios_municipio_madrid.csv,sin_territorio,0,0
bibliotecas_publicas_fondos_por_tipo.csv,ok,155,191
bibliotecas_publicas_prestamos_por_tipo.csv,ok,155,191
bibliotecas_publicas_usuarios_por_tipo.csv,ok,155,191
bienes_interes_cultural_por_tipo.csv,ok,155,191
calidad_aire_zonas.csv,sin_territorio,0,0
catastro_inmuebles_por_distrito_y_uso.csv,ok,0,1
censo_2001_edificios_viviendas_por_anyo.csv,ok,155,191
censo_2001_edificios_viviendas_por_estado.csv,ok,155,191
censo_2001_edificios_viviendas_por_instalaciones.csv,ok,155,191
censo_2001_edificios_viviendas_por_propietario.csv,ok,155,191
censo_2001_edificios_viviendas_por_viviendas.csv,ok,155,191
censo_2001_estudiantes_residentes_familiares_por_tiempo_y_sexo.csv,ok,155,191
censo_2001_estudiantes_residentes_familiares_por_transporte_y_sexo.csv,ok,155,191
censo_2001_locales_activos_por_tipo.csv,ok,155,191
censo_2001_ocupados_residentes_familiares_por_lugar_y_sexo.csv,ok,155,191
censo_2001_ocupados_residentes_familiares_por_sexo.csv,ok,155,191
censo_2001_ocupados_residentes_familiares_por_tiempo_y_sexo.csv,ok,155,191
censo_2001_ocupados_residentes_familiares_por_transporte_y_sexo.csv,ok,155,191
censo_2001_poblacion_censada_por_sexo.csv,ok,155,191
censo_2001_porcentaje_edificios_viviendas_por_anyo.csv,ok,155,191
censo_2001_porcentaje_edificios_viviendas_por_instalaciones.csv,ok,155,191
censo_2001_porcentaje_locales_activos_por_tipo.csv,ok,155,191
censo_2001_porcentaje_viviendas_familiares_por_densidad.csv,ok,155,191
censo_2001_porcentaje_viviendas_familiares_por_estado.csv,ok,155,191
censo_2001_porcentaje_viviendas_familiares_por_habitaciones.csv,ok,155,191
censo_2001_porcentaje_viviendas_familiares_por_hacinamiento.csv,ok,155,191
censo_2001_porcentaje_viviendas_familiares_por_regimen.csv,ok,155,191
censo_2001_porcentaje_viviendas_familiares_por_superficie.csv,ok,155,191
censo_2001_residentes_familiares_por_edad_y_sexo.csv,ok,155,191
censo_2001_residentes_familiares_por_estado_y_sexo.csv,ok,155,191
censo_2001_residentes_familiares_por_estudios_y_sexo.csv,ok,155,191
censo_2001_residentes_familiares_por_tipo_y_sexo.csv,ok,155,191
censo_2001_viviendas_censadas_por_tipo.csv,ok,155,191
censo_2001_viviendas_colectivas_por_tipo.csv,ok,155,191
censo_2001_viviendas_familiares_por_anyo.csv,ok,155,191
censo_2001_viviendas_familiares_por_densidad.csv,ok,155,191
censo_2001_viviendas_familiares_por_estado_edificio.csv,ok,155,191
censo_2001_viviendas_familiares_por_estado_vivienda.csv,ok,155,191
censo_2001_viviendas_familiares_por_habitaciones.csv,ok,155,191
censo_2001_viviendas_familiares_por_hacinamiento.csv,ok,155,191
censo_2001_viviendas_familiares_por_instalaciones.csv,ok,155,191
censo_2001_viviendas_familiares_por_personas.csv,ok,155,191
censo_2001_viviendas_familiares_por_problemas.csv,ok,155,191
censo_2001_viviendas_familiares_por_regimen.csv,ok,155,191
censo_2001_viviendas_familiares_por_superficie.csv,ok,155,191
censo_2001_viviendas_familiares_por_tipo.csv,ok,155,191
censo_2001_viviendas_secundarias_por_anyo.csv,ok,155,191
censo_2001_viviendas_vacias_por_anyo.csv,ok,155,191
censo_2011_establecimientos_colectivos_por_tipo.csv,ok,155,191
censo_2011_poblacion_censada_por_edad_y_sexo.csv,ok,155,191
censo_2011_poblacion_censada_por_nacimiento_y_sexo.csv,ok,155,191
censo_2011_poblacion_censada_por_sexo.csv,ok,155,191
censo_2011_porcentaje_viviendas_censadas_por_tipo.csv,ok,155,191
censo_2011_viviendas_censadas_por_tipo.csv,ok,155,191
censo_2020_distribucion_sau.csv,ok,155,191
censo_2020_ganaderia.csv,ok,155,191
censo_2020_jefes_por_edad.csv,ok,155,191
censo_2020_jefes_por_formacion.csv,ok,155,191
censo_2020_jefes_por_sexo.csv,ok,155,191
censo_2021_hogares_por_tamanyo.csv,ok,155,191
censo_2021_poblacion_por_edad_nacionalidad_y_sexo.csv,ok,155,191
censo_2021_poblacion_por_estudios_nacionalidad_y_sexo.csv,ok,155,191
censo_2021_poblacion_por_nacimiento_y_sexo.csv,ok,155,191
censo_2021_poblacion_por_nacionalidad_y_sexo.csv,ok,155,191
censo_2021_porcentaje_viviendas_familiares_por_tenencia.csv,ok,155,180
censo_2021_porcentaje_viviendas_familiares_por_tipo.csv,ok,155,191
censo_2021_porcentaje_viviendas_familiares_por_tipo_edificio.csv,ok,155,180
censo_2021_viviendas_familiares_por_anyo.csv,ok,155,191
censo_2021_viviendas_familiares_por_superficie.csv,ok,155,191
censo_2021_viviendas_familiares_por_tamanyo.csv,ok,155,191
censo_2021_viviendas_familiares_por_tenencia.csv,ok,154,189
censo_2021_viviendas_familiares_por_tipo.csv,ok,155,191
censo_2021_viviendas_por_consumo_electrico.csv,ok,155,181
censo_2021_viviendas_por_superficie_tamanio_municipio_y_tipo.csv,ok,0,1
censo_89_99_09_explotaciones_agricolas.csv,ok,155,191
censo_89_99_09_explotaciones_agricolas_porcentaje.csv,ok,155,191
censo_89_99_09_ganaderia.csv,ok,155,191
censo_89_99_09_ganaderia_porcentaje.csv,ok,155,191
censo_89_99_09_sau.csv,ok,155,191
censo_89_99_09_sau_porcentaje.csv,ok,155,191
censo_89_99_09_superficie.csv,ok,155,191
censo_89_99_09_superficie_porcentaje.csv,ok,155,191
censo_anual_vivienda_por_antiguedad.csv,ok,155,191
censo_anual_vivienda_por_superficie_agregada.csv,ok,155,191
censo_conductores_por_sexo.csv,ok,155,193
centros_no_universitarios_general_por_tipo_y_ensenanza.csv,ok,155,191
centros_sanitarios_por_tipo.csv,ok,155,191
centros_servicios_establecimientos_sanitarios.csv,sin_territorio,0,0
centros_servicios_sociales_por_tipo.csv,ok,155,193
col_emp_estratos.csv,ok,155,191
col_emp_manufact.csv,ok,155,191
col_emp_ramas.csv,ok,155,191
col_emp_ramas_1000.csv,ok,155,191
colectivo_empresarial_base_2015_por_distrito_y_estrato_empleo.csv,ok,0,1
colectivo_empresarial_base_2015_por_distrito_y_rama_actividad_r12.csv,ok,0,1
colectivo_empresarial_base_2015_por_rama_actividad_r12_y_estrato_empleo.csv,ok,0,1
comercio_exterior_tasa_cobertura_saldo_comercial.csv,ok,0,2
componentes_saldo_migratorio_por_tipo_y_sexo.csv,ok,155,191
construccion_viviendas.csv,ok,0,2
contratos_comunitarios_por_tipo_sector_y_sexo.csv,ok,155,191
contratos_espanyoles_por_tipo_sector_y_sexo.csv,ok,155,191
contratos_extracomunitarios_por_tipo_sector_y_sexo.csv,ok,155,191
contratos_extranjeros_por_tipo_sector_y_sexo.csv,ok,155,191
contratos_por_tipo_sector_y_sexo.csv,ok,155,191
contratos_trabajo_municipio.csv,ok,163,179
covid19_tia_muni_y_distritos.csv,sin_territorio,0,0
covid19_tia_muni_y_distritos_60ymas.csv,sin_territorio,0,0
declaraciones_actividad_viviendas_uso_turistico.csv,sin_territorio,0,0
defunciones_por_causa_y_sexo.csv,ok,155,191
demografia_empresarial_ambito_geografico.csv,sin_territorio,0,0
demografia_empresarial_cnae09.csv,sin_territorio,0,0
demografia_empresarial_cnae25.csv,sin_territorio,0,0
demografia_empresarial_comparativa_actividad_cnae09.csv,ok,0,8
demografia_empresarial_comparativa_actividad_cnae25.csv,ok,0,8
demografia_empresarial_comparativa_ambito_geografico.csv,ok,0,8
demografia_empresarial_comparativa_numero_trabajadores.csv,ok,0,8
demografia_empresarial_comparativa_tipo_persona.csv,ok,0,8
demografia_empresarial_comparativa_total.csv,ok,0,8
demografia_empresarial_numero_trabajadores.csv,sin_territorio,0,0
demografia_empresarial_tipo_persona.csv,sin_territorio,0,0
demografia_empresarial_total.csv,sin_territorio,0,0
deuda_viva.csv,ok,155,191
dias_alquiler_medios_viviendas_arrendadas_valor_catastral_municipios_mas_20000.csv,ok,155,180
din_emp.csv,ok,155,193
dinamica_ocupacion_tamanio_empresa.csv,sin_territorio,0,0
distritos_municipio_madrid.csv,sin_territorio,0,0
ebds_0001519123.csv,sin_territorio,0,0
edad_media_por_nacionalidad_y_sexo.csv,ok,155,180
elecciones_asamblea.csv,ok,155,193
elecciones_asamblea_distritos_madrid.csv,ok,0,1
elecciones_asamblea_porcentaje_votos_por_candidaturas.csv,ok,155,193
elecciones_asamblea_votos_por_candidaturas.csv,ok,155,193
elecciones_congreso.csv,ok,155,193
elecciones_congreso_diputados_distritos_madrid.csv,ok,0,1
elecciones_congreso_porcentaje_votos_por_candidaturas.csv,ok,155,193
elecciones_congreso_votos_por_candidaturas.csv,ok,155,193
elecciones_locales.csv,ok,155,191
elecciones_locales_concejales_por_candidaturas_y_sexo.csv,ok,155,191
elecciones_locales_distritos_madrid.csv,ok,0,1
elecciones_locales_porcentaje_votos_por_candidaturas.csv,ok,155,191
elecciones_locales_votos_por_candidaturas.csv,ok,155,191
elecciones_parlamento_europeo.csv,ok,155,193
elecciones_parlamento_europeo_distritos_madrid.csv,ok,0,1
elecciones_parlamento_europeo_porcentaje_votos_por_candidaturas.csv,ok,155,193
elecciones_parlamento_europeo_votos_por_candidaturas.csv,ok,155,193
elecciones_senado.csv,ok,155,193
elecciones_senado_distritos_madrid.csv,ok,0,1
elecciones_senado_votos_por_candidaturas.csv,ok,155,193
encuesta_europea_salud_2009_poblacion_problemas_vivienda_residen_por_sexo.csv,ok,0,1
energia_electrica_facturada.csv,ok,155,191
entidades_credito.csv,ok,155,191
eoate_alojamientos_turismo_rural.csv,ok,0,2
esperanza_vida_municipios_mayores_100000_hab_por_sexo.csv,ok,0,1
establecimientos_hoteleros.csv,ok,155,191
establecimientos_productos_sanitarios.csv,sin_territorio,0,0
estancias_establecimientos_sanitarios_por_pago.csv,ok,0,1
farmacias.csv,ok,155,191
gastos_empresas_proteccion_ambiental.csv,ok,0,1
grado_envejecimiento_por_edad.csv,ok,155,191
grado_juventud_por_edad.csv,ok,155,191
hechos_conocidos_penales_por_tipologia_municipios_mayores_20000_por_municipio.csv,ok,0,1
hipermercados_por_municipios.csv,ok,0,1
ibi.csv,ok,155,191
indicador_confianza_empresarial.csv,ok,0,2
infraestructura_transporte_publico.csv,ok,155,191
ipv_ine_base_2007.csv,ok,0,2
ipv_ine_base_2015.csv,ok,0,2
ipv_ine_base_2025.csv,ok,0,2
ipvcm_base_2022_antiguedad.csv,sin_territorio,0,0
ipvcm_base_2022_distrito_madrid.csv,ok,0,21
ipvcm_base_2022_municipio.csv,ok,27,30
ipvcm_base_2022_tipo_superficie.csv,sin_territorio,0,0
ipvcm_base_2022_zona_estadistica.csv,ok,0,10
irpf_base_imponible_ahorro.csv,ok,155,191
irpf_base_imponible_total.csv,ok,155,193
irpf_declaraciones_por_tramo.csv,ok,155,193
irpf_indicador_renta.csv,ok,155,191
irpf_rendimiento_trabajo_irpf.csv,ok,155,193
licencias_federadas_por_deporte_y_sexo.csv,ok,0,1
lineas_telefonicas_por_tipo.csv,ok,155,191
metros_cuadrados_medios_viviendas_arrendadas_valor_catastral_municipios_mas_2000.csv,ok,155,180
migraciones_por_procedencia_destino_edad_y_sexo.csv,ok,155,191
migraciones_por_procedencia_destino_y_sexo.csv,ok,155,191
mnp_crecimiento_vegetativo.csv,ok,155,191
mnp_defunciones_menores_1_por_edad_y_sexo.csv,ok,155,191
mnp_defunciones_por_edad_y_sexo.csv,ok,155,191
mnp_defunciones_por_estado_civil_y_sexo.csv,ok,155,191
mnp_matrimonios_distinto_sexo_por_edad_y_sexo.csv,ok,155,191
mnp_matrimonios_mismo_sexo_por_sexo.csv,ok,155,191
mnp_matrimonios_por_tipo.csv,ok,155,191
mnp_muertes_fetales_por_sexo.csv,ok,155,191
mnp_nacidos_vivos_por_edad_y_nacionalidad.csv,ok,155,191
mnp_nacidos_vivos_por_residencia_y_sexo.csv,ok,155,191
muface_por_sexo.csv,ok,155,193
municipio_comunidad_madrid.csv,sin_territorio,0,0
oficinas_entidades_financieras.csv,ok,0,2
padron_extranjero_por_sexo.csv,ok,155,191
padron_por_sexo.csv,ok,155,191
parcelas_portal_suelo.csv,sin_territorio,0,0
parcelas_urbanas_edificadas_por_propiedad.csv,ok,155,191
parcelas_urbanas_edificadas_por_superficie.csv,ok,155,191
parcelas_urbanas_por_edificacion.csv,ok,155,191
parcelas_urbanas_sin_edificar_por_superficie.csv,ok,155,191
paro_100_por_sexo.csv,ok,155,191
paro_por_edad_y_sexo.csv,ok,155,191
paro_por_nacionalidad_sector_y_sexo_09.csv,ok,155,191
paro_por_nacionalidad_sector_y_sexo_25.csv,ok,155,191
paro_registrado_cnae09.csv,ok,0,2
paro_registrado_cnae93.csv,ok,0,2
paro_registrado_cnae93_municipios.csv,ok,163,179
paro_registrado_edad_municipio.csv,sin_territorio,0,0
paro_registrado_extranjeros_sexo.csv,sin_territorio,0,0
paro_registrado_sexo_edad.csv,ok,0,2
paro_registrado_sexo_municipio.csv,sin_territorio,0,0
paro_registrado_sit_laboral_cnae09.csv,ok,0,2
paro_registrado_sit_laboral_cnae93.csv,ok,0,2
parque_vehiculos_por_antiguedad.csv,ok,155,180
parque_vehiculos_por_combustible.csv,ok,155,180
parque_vehiculos_por_distintivo.csv,ok,155,180
parque_vehiculos_por_tipo.csv,ok,155,180
pensiones_contributivas_importe_medio_mensual_pensionista_por_distritos_y_sexo.csv,ok,0,1
pensiones_contributivas_pensionistas_por_distritos_y_sexo.csv,ok,0,1
pensiones_contributivas_por_sexo.csv,ok,155,193
personas_discapacidad_por_edad_y_sexo.csv,ok,155,193
personas_discapacidad_por_tipo_y_sexo.csv,ok,155,193
pib_municipal_2015.csv,ok,155,191
pib_municipal_2015_act.csv,ok,155,191
pib_municipal_2021.csv,ok,155,191
pib_municipal_per_capita_2015.csv,ok,155,191
pib_municipal_per_capita_2015_act.csv,ok,155,191
pib_municipal_per_capita_2021.csv,ok,155,191
pib_municipal_porcentaje_2015.csv,ok,155,191
pib_municipal_porcentaje_2015_act.csv,ok,155,191
pib_municipal_porcentaje_2021.csv,ok,155,191
poblacion_censada_extranjera_por_sexo_y_nacionalidad.csv,ok,155,191
poblacion_censada_por_actividad_y_sexo.csv,ok,155,191
poblacion_censada_por_anyo_llegada_y_sexo.csv,ok,155,191
poblacion_censada_por_edad_nacionalidad_y_sexo.csv,ok,155,191
poblacion_censada_por_estudios_y_nacionalidad.csv,ok,155,191
poblacion_censada_por_estudios_y_sexo.csv,ok,155,191
poblacion_censada_por_nacimiento_y_sexo.csv,ok,155,191
poblacion_ocupada_por_ocupacion_y_sexo.csv,ok,155,191
poblacion_ocupada_por_rama_y_sexo.csv,ok,155,191
poblacion_ocupada_por_situacion_y_sexo.csv,ok,155,191
porcentaje_afiliados_por_residencia_y_contrato.csv,ok,155,193
porcentaje_afiliados_por_residencia_y_edad.csv,ok,155,193
porcentaje_afiliados_por_residencia_y_nacionalidad.csv,ok,155,193
porcentaje_afiliados_por_residencia_y_sexo.csv,ok,155,193
porcentaje_alumnos_no_universitarios_por_tipo.csv,ok,155,191
porcentaje_contratos_por_sexo.csv,ok,155,191
porcentaje_contratos_por_tipo.csv,ok,155,191
porcentaje_defunciones_por_causa_y_sexo.csv,ok,155,191
porcentaje_paro_por_edad_y_sexo.csv,ok,155,191
porcentaje_paro_por_nacionalidad_25.csv,ok,155,191
porcentaje_paro_por_sector_09.csv,ok,155,191
porcentaje_paro_por_sector_25.csv,ok,155,191
porcentaje_poblacion_censada_extranjera_por_nacionalidad.csv,ok,155,191
porcentaje_poblacion_extranjera_censada_por_sexo.csv,ok,155,191
precio_medio_suelo_urbano.csv,ok,0,2
presu_ini_gastos.csv,ok,155,191
presu_ini_ingresos.csv,ok,155,191
presu_liq_gastos.csv,ok,155,191
presu_liq_ingresos.csv,ok,155,191
profesores_no_universitarios_general_por_tipo_y_ensenanza.csv,ok,155,191
referendum_alianza_atlantica.csv,ok,155,193
referendum_constitucion_europea.csv,ok,155,193
referendum_constitucion_europea_distritos_madrid.csv,ok,0,1
registro_establecimientos_adorno_corporal.csv,sin_territorio,0,0
registro_establecimientos_comercio_por_menor_carne.csv,sin_territorio,0,0
registro_establecimientos_servicios_biocidas.csv,sin_territorio,0,0
relacion_nacimiento_residencia.csv,ok,155,191
relacion_residencia_10_anyos_actual_por_nacionalidad_y_sexo.csv,ok,155,191
relacion_residencia_anterior_actual_por_nacionalidad_y_sexo.csv,ok,155,191
rentabilidad_bruta_viviendas_arrendadas_valor_catastral_municipios_mas_20000.csv,ok,155,180
saldo_migratorio_por_destino_y_sexo.csv,ok,155,191
saldo_migratorio_por_destino_y_sexo_variaciones.csv,ok,155,191
spacm_ayudas_alquiler_vivienda_jovenes_sectores_escasos_recursos.csv,sin_territorio,0,0
spacm_bono_alquiler_joven_2022.csv,sin_territorio,0,0
suelos_contaminados.csv,sin_territorio,0,0
tasaciones_vivienda.csv,ok,0,2
tic_empresas_mas_10_empleados_por_actividad.csv,ok,0,1
titulares_inmuebles.csv,ok,155,191
transacciones_inmobiliarias_es30_residencia_nacionalidad.csv,sin_territorio,0,0
transacciones_inmobiliarias_es_residencia_nacionalidad.csv,sin_territorio,0,0
transacciones_inmobiliarias_libre.csv,ok,0,2
transacciones_inmobiliarias_libre_tipologia_edificio.csv,ok,0,2
transacciones_inmobiliarias_lugar_residencia_comprador.csv,sin_territorio,0,0
transacciones_inmobiliarias_municipio.csv,ok,155,179
transacciones_inmobiliarias_protegida.csv,ok,0,2
transacciones_inmobiliarias_residentes.csv,sin_territorio,0,0
transacciones_suelo_urbano_tamanio_municipio.csv,ok,0,2
transacciones_suelo_urbano_tipo_persona.csv,ok,0,2
transacciones_vivienda_nueva_usada_municipio.csv,ok,155,179
unidades_centros_no_universitarios_general_por_tipo_y_ensenanza.csv,ok,155,191
unidades_urbanas_por_uso.csv,ok,155,191
valor_catastral_construccion.csv,ok,155,191
valor_catastral_suelo.csv,ok,155,191
valor_catastral_urbano.csv,ok,155,191
valor_catastral_urbano_por_uso.csv,ok,155,191
valor_referencia_viviendas_arrendadas_valor_catastral_municipios_mas_20000.csv,ok,155,180
valor_tasado_por_antiguedad.csv,ok,155,179
valor_tasado_vivienda_antiguedad.csv,ok,0,2
valor_tasado_vivienda_municipio_antiguedad.csv,ok,27,28
valor_tasado_vivienda_tipo.csv,ok,0,2
venta_ambulante.csv,ok,0,11
venta_ambulante_por_distritos.csv,ok,0,1
viviendas_avs.csv,sin_territorio,0,0
viviendas_valor_catastral_municipios_mas_20000_habitantes.csv,ok,155,180
volumen_agua_facturado.csv,ok,155,191
