ine5;nombre_iecm;clave_normalizada;UP_inicio_sum;UP_nacen;UP_mueren;UP_entran;UP_salen;tasa_natalidad_emp;tasa_mortalidad_emp;tasa_neta_emp_bruta;tasa_neta_emp;poblacion;crec_pob_5a;pct_menores_45;pct_estudios_superiores;rdb_per_capita;paro_por_100hab;afiliados_por_1000hab;up_por_1000hab;pct_up_servicios_prof;vc_residencial_por_uu;uu_oficinas;uu_oficinas_por_1000hab;superficie_km2;paradas_total;paradas_ferro;paradas_por_1000hab;amenidades_osm;amenidades_por_1000hab;coworking_osm;sanidad_osm;sanidad_por_1000hab;deporte_osm;deporte_por_1000hab;dist_sol_km;densidad_hab_km2;dist_ferro_km;nivel_ayudas;nivel_ayudas_num
28001;Acebeda (La);la acebeda;118;3;11;7;10;0.025423728813559324;0.09322033898305085;-0.09322033898305085;0.001473019609970697;70.0;0.02941176470588225;24.29;33.84615384615385;19973.0;4.29;357.14;242.85714285714286;17.647058823529413;46.61;0.0;0.0;21.86;3;0;42.857142857142854;2;28.57142857142857;0;1;14.285714285714285;0;0.0;75.28227327187666;3.202195791399817;40.867159558179594;Alto;1.0
28002;Ajalvir;ajalvir;4902;331;369;237;203;0.0675234598123215;0.07527539779681762;-0.0008159934720522236;0.001466186085272894;4868.0;0.031137470874814666;53.96;42.58440046565774;19839.0;3.64;1176.05;201.10928512736237;14.606741573033707;85.28;88.0;18.0772391125719;19.8;18;0;3.6976170912078885;24;4.930156121610517;0;3;0.6162695152013147;62;12.736236647493838;22.35960630524813;245.85858585858585;7.471237456258067;Medio;0.5
28003;Alameda del Valle;alameda del valle;176;21;20;13;9;0.11931818181818182;0.11363636363636363;0.028409090909090908;0.008906258686393723;267.0;0.3088235294117647;41.2;52.23214285714286;23880.0;6.37;224.72;142.32209737827714;23.684210526315788;73.26;0.0;0.0;25.7;3;0;11.235955056179774;5;18.726591760299627;0;2;7.49063670411985;7;26.217228464419478;57.23997347519627;10.38910505836576;14.553718681268451;Alto;1.0
28004;Álamo (El);el alamo;4109;444;402;210;192;0.1080554879532733;0.09783402287661232;0.014602092966658554;0.012194320027587911;10594.0;0.07422429527479224;51.59;30.12966333030027;14945.0;4.94;192.56;79.101378138569;12.17183770883055;60.36;39.0;3.6813290541816124;22.0;25;0;2.3598263167830846;10;0.943930526713234;0;3;0.2831791580139702;442;41.72172928072494;31.76035194851228;481.54545454545456;13.491991123525022;Medio;0.5
28005;Alcalá de Henares;alcala de henares;79771;8804;8560;3841;3765;0.11036592245302178;0.10730716676486443;0.0040114828697145576;0.004087162325628474;203208.0;0.028578370334376046;49.33;35.10611376315638;18990.0;4.95;335.17;80.1887720955868;16.772015955814666;94.2;1938.0;9.537026101334593;88.12;339;3;1.6682414078185899;464;2.2833746702885716;1;76;0.37400102358174875;1036;5.098224479351207;29.60126778473135;2306.0372219700407;0.6769756237850245;Bajo;0.0
28006;Alcobendas;alcobendas;76687;7772;7291;4075;3919;0.10134703404749175;0.09507478451367246;0.008306492625868791;0.008277835272435145;123342.0;0.04159031220179532;52.12;44.8690083446536;29659.0;3.27;1081.71;127.96127839665323;26.62358233542419;145.12;2676.0;21.695772729483874;45.22;248;6;2.0106695205201794;190;1.5404322939469117;1;22;0.178365844562274;892;7.231924243161291;14.468160348007642;2727.5984077841663;0.5467587184803724;Bajo;0.0
28007;Alcorcón;alcorcon;71291;7483;7205;3301;3181;0.10496416097403599;0.10106465051689555;0.005582752381085972;0.005625045045423841;175719.0;0.019346343048078696;46.21;38.87305257073799;19055.0;4.21;293.79;82.59209305766593;17.267277613174397;113.11;1165.0;6.629903425355255;33.58;239;11;1.3601261104376874;246;1.3999624400320967;0;54;0.30730882829972855;620;3.5283606212191057;13.0746749333265;5232.846932698035;1.0322482940910669;Bajo;0.0
28008;Aldea del Fresno;aldea del fresno;1259;136;120;65;44;0.10802223987291501;0.09531374106433678;0.02938840349483717;0.01584004337703752;3503.0;0.1782711066263034;50.23;24.127203594884204;14907.0;5.82;169.85;79.36054810162719;12.589928057553957;78.77;4.0;1.1418783899514702;51.66;13;0;3.711104767342278;10;2.8546959748786755;0;1;0.28546959748786754;19;5.423922352269483;45.7611233202782;67.8087495160666;29.11113542960889;Medio;0.5
28009;Algete;algete;12697;1194;1181;597;555;0.0940379617232417;0.0930140978183823;0.00433173190517445;0.004710701121782087;21144.0;0.013420245398773067;52.49;41.470242427635625;23363.0;3.59;416.19;121.92584184638667;22.536850271528316;114.24;237.0;11.208853575482406;38.0;41;0;1.9390843738176315;20;0.9458948164964056;0;3;0.14188422247446084;103;4.871358304956489;25.827324802165048;556.421052631579;8.743194725984333;Bajo;0.0
28010;Alpedrete;alpedrete;7961;915;871;432;367;0.11493530963446803;0.10940836578319306;0.013691747267931164;0.012398579472856032;15686.0;0.057079318013343316;48.79;53.91872817769854;22546.0;3.82;199.22;104.74308300395258;24.40657334144857;110.72;68.0;4.335075863827617;12.66;27;2;1.721280122402142;56;3.5700624760933315;0;5;0.3187555782226189;406;25.882952951676653;38.2207860491523;1239.0205371248026;1.2716897495182498;Medio;0.5
28011;Ambite;ambite;287;37;36;27;13;0.1289198606271777;0.1254355400696864;0.05226480836236934;0.012907770802650516;732.0;0.20197044334975378;42.8;26.101141924959215;14875.0;6.15;150.27;86.0655737704918;12.698412698412698;46.42;1.0;1.366120218579235;25.8;8;0;10.92896174863388;2;2.73224043715847;0;0;0.0;7;9.562841530054644;45.51874928171671;28.372093023255815;22.69297866996363;Alto;1.0
28012;Anchuelo;anchuelo;538;49;49;32;26;0.09107806691449814;0.09107806691449814;0.011152416356877323;0.00801769870058688;1414.0;0.09953343701399686;54.49;30.545774647887324;16475.0;4.81;144.98;77.79349363507778;8.181818181818182;59.39;2.0;1.4144271570014144;21.59;1;0;0.7072135785007072;1;0.7072135785007072;0;1;0.7072135785007072;30;21.216407355021218;36.609082405846685;65.49328392774433;6.584197077098732;Alto;1.0
28013;Aranjuez;aranjuez;22727;2505;2417;1025;987;0.11022132265587187;0.10634927619131429;0.005544066528798346;0.005672618655741494;63040.0;0.044884969833587585;51.73;36.59539939237258;17173.0;5.25;208.2;73.61992385786802;17.8409825468649;91.64;284.0;4.50507614213198;189.01;138;1;2.189086294416244;127;2.0145939086294415;0;17;0.2696700507614213;901;14.29251269035533;46.89708802637098;333.52732659647637;6.821872382283937;Bajo;0.0
28014;Arganda del Rey;arganda del rey;31353;2858;2723;1580;1462;0.09115555130290562;0.08684974324626032;0.008069403246898223;0.008015736234094751;60419.0;0.06600444616958967;54.29;29.598351381929856;16823.0;5.64;455.98;106.90345752164055;13.314754605976157;101.89;303.0;5.014978731855874;80.26;166;2;2.7474800973203792;42;0.6951455667919032;0;7;0.11585759446531721;160;2.648173587778679;25.91478421818487;752.7909294791925;1.2663228329694844;Bajo;0.0
28015;Arroyomolinos;arroyomolinos;16166;1830;1556;1079;814;0.11320054435234443;0.09625139180997154;0.03334158109612768;0.030504015214139812;38075.0;0.15606497646880224;60.5;46.21545995103183;22148.0;3.29;295.21;93.15824031516743;18.77643078658021;128.5;270.0;7.091267235718975;20.79;105;0;2.757715036112935;49;1.2869336835193697;0;3;0.0787918581746553;286;7.511490479317137;23.571080313346897;1831.4093314093316;5.3417147350915535;Bajo;0.0
28016;Atazar (El);el atazar;42;0;2;6;7;0.0;0.047619047619047616;-0.07142857142857142;0.005514847955938696;110.0;0.22222222222222232;37.27;34.69387755102041;16554.0;9.09;136.36;63.63636363636363;14.285714285714285;46.61;0.0;0.0;28.43;1;0;9.09090909090909;1;9.09090909090909;0;0;0.0;3;27.27272727272727;61.379142549568726;3.8691523039043263;40.643404402304114;Alto;1.0
28017;Batres;batres;748;102;85;44;29;0.13636363636363635;0.11363636363636363;0.0427807486631016;0.016980574953029477;1976.0;0.12914285714285723;47.93;39.52941176470588;20536.0;4.15;144.23;78.94736842105263;19.871794871794872;141.55;1.0;0.5060728744939271;21.36;16;0;8.097165991902834;1;0.5060728744939271;0;2;1.0121457489878543;215;108.80566801619433;28.668182292126705;92.50936329588015;9.066391103603284;Alto;1.0
28018;Becerril de la Sierra;becerril de la sierra;3340;342;305;182;163;0.10239520958083832;0.09131736526946108;0.016766467065868262;0.013207973581068608;6737.0;0.14672340425531916;48.18;42.630829476682095;22001.0;4.85;169.21;103.31007867003117;22.701149425287355;125.93;26.0;3.859284548018406;29.64;16;0;2.3749443372420957;17;2.523378358319727;0;3;0.445302063232893;36;5.343624758794715;37.83678223031814;227.29419703103912;8.469033417345855;Medio;0.5
28019;Belmonte de Tajo;belmonte de tajo;726;55;62;26;21;0.07575757575757576;0.08539944903581267;-0.0027548209366391185;0.004484689649784081;1955.0;0.16161616161616155;52.77;23.742331288343557;15329.0;5.52;122.76;75.1918158567775;6.802721088435375;69.71;1.0;0.5115089514066495;24.07;4;0;2.046035805626598;1;0.5115089514066495;0;0;0.0;7;3.5805626598465476;44.16085862284395;81.22143747403406;20.8269868600684;Alto;1.0
28020;Berzosa del Lozoya;berzosa del lozoya;153;15;18;12;9;0.09803921568627451;0.11764705882352941;0.0;0.0066422567741118805;242.0;0.09009009009009006;38.93;31.01851851851852;24143.0;1.24;330.58;123.96694214876034;6.666666666666667;64.59;0.0;0.0;14.62;4;0;16.528925619834713;3;12.396694214876034;0;1;4.132231404958678;5;20.66115702479339;63.549632508531694;16.55266757865937;40.410197726664705;Alto;1.0
28021;Berrueco (El);el berrueco;375;52;50;23;19;0.13866666666666666;0.13333333333333333;0.016;0.008576196516055111;795.0;0.02316602316602312;42.42;37.570621468926554;19155.0;4.91;264.15;98.11320754716982;12.82051282051282;69.43;2.0;2.5157232704402515;28.4;6;0;7.547169811320755;6;7.547169811320755;0;2;2.5157232704402515;39;49.05660377358491;53.06849731845671;27.992957746478876;32.09803960335887;Alto;1.0
28022;Boadilla del Monte;boadilla del monte;41777;5340;4537;2349;1978;0.12782152859228763;0.10860042607176197;0.028101586997630275;0.027160813402395158;66349.0;0.16947509429971452;53.7;62.124289959748715;36986.0;2.17;589.01;134.98319492381196;26.719517641804373;231.68;120.0;1.8086180650801067;47.41;203;8;3.059578893427181;120;1.8086180650801067;0;20;0.3014363441800178;3436;51.78676393012706;16.050053265244536;1399.4726850875343;1.6438020947513152;Bajo;0.0
28023;Boalo (El);el boalo;4022;484;430;216;187;0.12033814022874192;0.10691198408751865;0.020636499254102436;0.016213178528072317;8770.0;0.14446039410152678;50.22;48.38846480067854;22635.0;4.14;198.4;95.8950969213227;20.689655172413794;105.03;13.0;1.4823261117445838;39.41;29;0;3.3067274800456103;34;3.876852907639681;0;4;0.45610034207525657;36;4.104903078677308;37.33172822915662;222.53235219487442;9.788985083664112;Medio;0.5
28024;Braojos;braojos;173;10;19;7;6;0.057803468208092484;0.10982658959537572;-0.046242774566473986;0.002838306757515885;233.0;0.13106796116504849;42.06;39.40886699507389;21115.0;3.0;214.59;137.3390557939914;15.625;54.87;0.0;0.0;24.93;1;0;4.291845493562231;0;0.0;0;0;0.0;3;12.875536480686696;71.43165891591134;9.346169273967108;36.768815532649235;Alto;1.0
28025;Brea de Tajo;brea de tajo;263;23;28;15;11;0.08745247148288973;0.10646387832699619;-0.0038022813688212928;0.005865484671260755;577.0;0.14031620553359692;41.62;17.590822179732314;14608.0;5.89;901.21;90.12131715771231;1.9230769230769231;43.01;2.0;3.4662045060658575;44.73;3;0;5.199306759098787;2;3.4662045060658575;0;1;1.7331022530329288;9;15.59792027729636;53.22166641909085;12.899619941873464;28.630265430281426;Alto;1.0
28026;Brunete;brunete;5808;609;599;315;290;0.10485537190082644;0.10313360881542699;0.006026170798898072;0.006312659185329856;11287.0;0.04897769516728623;51.91;40.69354501775642;19287.0;3.52;260.48;105.25383184194206;21.632996632996633;109.37;41.0;3.6324975635687076;49.17;27;0;2.392132541862319;13;1.1517675201559314;0;2;0.17719500310091257;61;5.4044475945778325;24.8231178766418;229.5505389465121;7.827308059393096;Medio;0.5
28027;Buitrago del Lozoya;buitrago del lozoya;1182;102;101;54;64;0.08629441624365482;0.08544839255499154;-0.007614213197969543;0.0016105179051696735;2034.0;0.038284839203675425;50.15;32.24271267102915;17584.0;4.08;294.99;114.55260570304817;15.021459227467812;70.97;10.0;4.916420845624385;25.92;9;0;4.424778761061947;21;10.32448377581121;0;2;0.9832841691248771;19;9.341199606686333;63.76339479871473;78.47222222222221;33.87476744715236;Alto;1.0
28028;Bustarviejo;bustarviejo;1395;173;155;79;67;0.12401433691756272;0.1111111111111111;0.021505376344086023;0.013115565430824098;2870.0;0.13798572561459155;46.7;44.78604071458247;19712.0;5.09;174.22;102.09059233449477;21.160409556313994;74.25;2.0;0.6968641114982579;56.13;18;0;6.2717770034843205;12;4.181184668989547;0;0;0.0;33;11.498257839721253;47.18238498836155;51.13130233386781;20.029374119112315;Medio;0.5
28029;Cabanillas de la Sierra;cabanillas de la sierra;407;50;49;26;18;0.12285012285012285;0.12039312039312039;0.022113022113022112;0.009725252886833458;961.0;0.2242038216560509;45.28;45.073891625615765;21113.0;3.02;176.9;89.49011446409989;13.953488372093023;98.1;0.0;0.0;13.81;6;0;6.243496357960457;2;2.081165452653486;0;0;0.0;26;27.05515088449532;45.71916420438505;69.58725561187545;23.3052642758229;Alto;1.0
28030;Cabrera (La);la cabrera;1510;144;126;84;67;0.09536423841059603;0.08344370860927153;0.023178807947019868;0.014120374056854379;2889.0;0.05592105263157898;48.81;35.409322365844105;18526.0;5.3;224.99;113.53409484250605;12.195121951219512;91.78;1.0;0.34614053305642095;22.14;11;0;3.8075458636206303;23;7.961232260297681;0;2;0.6922810661128419;88;30.460366908965042;50.084246547953526;130.48780487804876;27.8068008181485;Medio;0.5
28031;Cadalso de los Vidrios;cadalso de los vidrios;1372;140;115;111;80;0.10204081632653061;0.08381924198250729;0.04081632653061224;0.020997392822166307;3372.0;0.1066622907778143;47.65;24.021164021164022;14396.0;6.52;185.35;90.74733096085409;9.803921568627452;45.22;5.0;1.4827995255041517;47.84;13;0;3.855278766310795;5;1.4827995255041517;0;1;0.2965599051008304;34;10.083036773428233;63.308772284516664;70.48494983277591;46.539622563878666;Medio;0.5
28032;Camarma de Esteruelas;camarma de esteruelas;3856;429;392;215;179;0.1112551867219917;0.1016597510373444;0.018931535269709542;0.014957618939627035;8331.0;0.12020976200080669;53.87;34.654337296345226;19030.0;5.37;295.28;97.8273916696675;14.723926380368098;91.69;760.0;91.2255431520826;35.16;20;0;2.4006721882127;10;1.20033609410635;0;2;0.24006721882126994;242;29.048133477373664;32.11152613890471;236.9453924914676;7.191467328130106;Medio;0.5
28033;Campo Real;campo real;3563;328;291;166;143;0.09205725512208812;0.0816727476845355;0.016839741790625876;0.013398751781398148;6974.0;0.08629283489096573;54.66;28.750884642604387;16932.0;4.76;256.67;108.40263837109262;13.227513227513226;61.94;25.0;3.5847433323774016;61.75;8;0;1.1471178663607686;11;1.5772870662460567;0;2;0.28677946659019216;16;2.2942357327215372;29.917760978519023;112.93927125506073;6.6619653827586935;Medio;0.5
28034;Canencia;canencia;269;22;27;10;9;0.08178438661710037;0.10037174721189591;-0.01486988847583643;0.0045068486336477;475.0;0.06263982102908283;36.12;31.786542923433874;18063.0;5.05;221.05;111.57894736842105;11.320754716981133;58.71;0.0;0.0;54.18;1;0;2.1052631578947367;1;2.1052631578947367;0;0;0.0;3;6.315789473684211;53.0493528936025;8.767072720561092;18.926552856272853;Alto;1.0
28035;Carabaña;carabana;923;104;98;56;45;0.11267605633802817;0.10617551462621885;0.018418201516793065;0.01075772155386737;2451.0;0.1777991350312349;51.74;25.012382367508668;14383.0;5.18;150.96;77.92737658098734;7.853403141361256;44.77;2.0;0.8159934720522236;47.64;18;0;7.343941248470013;3;1.2239902080783354;0;2;0.8159934720522236;8;3.2639738882088944;42.8397038563491;51.448362720403026;17.971294710743546;Alto;1.0
28036;Casarrubuelos;casarrubuelos;1874;201;181;99;83;0.10725720384204909;0.09658484525080042;0.0192102454642476;0.01304201611033315;4323.0;0.1243172951885565;55.18;30.114285714285714;16564.0;4.67;268.33;91.83437427712236;12.34256926952141;88.54;68.0;15.729817256534814;5.33;11;0;2.544529262086514;13;3.007170946102244;0;2;0.4626416840157298;114;26.3705759888966;29.257576914198822;811.0694183864915;8.301393814757049;Medio;0.5
28037;Cenicientos;cenicientos;772;58;72;38;34;0.07512953367875648;0.09326424870466321;-0.012953367875647668;0.0014864084207413088;2152.0;0.055937193326790924;42.9;15.892291446673706;13157.0;7.81;95.26;65.98513011152417;6.338028169014084;50.95;0.0;0.0;68.25;12;0;5.5762081784386615;3;1.3940520446096654;0;1;0.4646840148698885;11;5.111524163568773;71.01705685569229;31.531135531135533;54.08765338027417;Alto;1.0
28038;Cercedilla;cercedilla;3913;384;340;204;181;0.09813442371581907;0.0868898543317148;0.01712241247124968;0.013791816918606493;7772.0;0.07869535045107567;48.12;41.27602216564325;19477.0;4.64;250.26;104.09161091096243;17.676143386897404;98.64;24.0;3.0880082346886257;40.83;58;2;7.462686567164179;55;7.076685537828101;0;7;0.9006690684508493;100;12.866700977869275;48.026407387571595;190.35023267205486;2.385112117349236;Medio;0.5
28039;Cervera de Buitrago;cervera de buitrago;84;9;13;3;4;0.10714285714285714;0.15476190476190477;-0.05952380952380952;0.004425719788955082;165.0;0.0185185185185186;30.91;22.666666666666664;21865.0;7.27;272.73;84.84848484848486;14.285714285714285;44.28;0.0;0.0;11.54;5;0;30.303030303030305;3;18.18181818181818;0;1;6.0606060606060606;5;30.303030303030305;57.5051893372037;14.298093587521665;36.88174697196775;Alto;1.0
28040;Ciempozuelos;ciempozuelos;9097;973;965;493;435;0.10695833791359789;0.10607892711883038;0.007255139056831923;0.007238139563150331;26350.0;0.04963352453792225;51.32;24.924668315718463;15281.0;4.88;316.7;70.05692599620492;14.138678223185266;93.4;148.0;5.616698292220114;49.41;45;1;1.7077798861480076;16;0.6072106261859583;0;8;0.30360531309297917;50;1.8975332068311195;30.568043976975268;533.2928556972273;0.8584209734315074;Bajo;0.0
28041;Cobeña;cobena;3719;440;404;191;186;0.11831137402527561;0.1086313525141167;0.011024468943264318;0.009688300465793274;7670.0;0.024579214533796412;53.81;50.61904761904762;25741.0;3.01;209.91;99.60886571056064;22.905759162303667;99.85;48.0;6.258148631029987;20.79;14;0;1.8252933507170794;18;2.346805736636245;0;4;0.5215123859191656;517;67.40547588005215;23.618041974598327;368.92736892736895;8.846357339112227;Medio;0.5
28042;Colmenar del Arroyo;colmenar del arroyo;875;90;99;56;45;0.10285714285714286;0.11314285714285714;0.002285714285714286;0.005657852059003155;2044.0;0.1450980392156862;45.98;35.480161012075904;18698.0;5.48;254.4;85.12720156555773;23.563218390804597;69.74;4.0;1.9569471624266144;49.31;13;0;6.360078277886497;5;2.446183953033268;0;2;0.9784735812133072;298;145.79256360078278;41.53586253313596;41.45203812614074;24.533307390140227;Alto;1.0
28043;Colmenar de Oreja;colmenar de oreja;3710;364;345;149;145;0.09811320754716982;0.09299191374663072;0.0061994609164420485;0.00653185900397691;9127.0;0.11932793720873192;48.8;19.289925660087157;14325.0;5.63;155.58;82.83116029363427;9.39153439153439;63.52;15.0;1.6434754026514737;126.33;17;0;1.8626054563383367;23;2.5199956173989264;0;3;0.3286950805302947;149;16.325188999671305;42.99398528718626;72.24728884667142;15.102406161898195;Medio;0.5
28044;Colmenarejo;colmenarejo;3802;490;460;192;175;0.12887953708574434;0.12098895318253551;0.012361914781693845;0.010589266489954736;9640.0;0.044420368364030294;50.78;44.72228901178168;20346.0;4.57;172.2;81.32780082987553;26.27551020408163;110.88;10.0;1.037344398340249;31.49;22;0;2.282157676348548;30;3.1120331950207465;0;4;0.41493775933609955;824;85.47717842323651;29.89986429230004;306.1289298189902;6.68860394918499;Medio;0.5
28045;Colmenar Viejo;colmenar viejo;23705;2579;2364;1234;1100;0.10879561273992829;0.09972579624551782;0.01472263235604303;0.014143681334147602;58730.0;0.13077130424737193;55.25;43.24682984370392;22447.0;3.67;249.62;84.07968670185595;18.934791413527744;125.83;398.0;6.77677507236506;182.84;100;1;1.7027073046143366;141;2.400817299506215;1;33;0.5618934105227311;528;8.990294568363698;27.65372109775181;321.20980091883615;3.274795939662748;Bajo;0.0
28046;Collado Mediano;collado mediano;3727;423;375;186;149;0.11349610947142474;0.10061711832573116;0.02280654682049906;0.017404831315454842;7722.0;0.08684025334271639;48.5;49.08022878342866;23156.0;4.97;207.85;103.60010360010361;26.25;108.97;11.0;1.4245014245014245;22.2;18;1;2.331002331002331;10;1.295001295001295;0;3;0.3885003885003885;112;14.504014504014505;41.45843998173795;347.83783783783787;0.32711558258493373;Medio;0.5
28047;Collado Villalba;collado villalba;29809;3352;3171;1465;1461;0.11244926029051629;0.1063772686101513;0.006206179341809521;0.006265131864026215;67274.0;0.04498431141073045;51.86;40.796807266221705;17766.0;5.04;226.24;89.41047061271813;19.11886949293433;81.48;460.0;6.837708475785593;25.2;124;1;1.8432083717335077;228;3.3891250706067724;1;42;0.6243125130065107;1231;18.29830246454797;34.66877478128157;2669.6031746031745;2.340981289824885;Bajo;0.0
28048;Corpa;corpa;191;18;27;14;9;0.09424083769633508;0.14136125654450263;-0.020942408376963352;0.004669897888482821;832.0;0.15076071922544942;52.93;25.339366515837103;15746.0;5.41;108.17;44.47115384615385;24.324324324324326;83.88;0.0;0.0;25.94;2;0;2.403846153846154;0;0.0;0;0;0.0;11;13.221153846153847;38.638577556527466;32.074016962220504;12.117757622667094;Alto;1.0
28049;Coslada;coslada;36964;3374;3657;1685;1729;0.09127800021642679;0.09893409804133751;-0.00884644518991451;-0.008038523983468136;80512.0;-0.010799719870747349;45.47;28.790522287257993;18433.0;4.21;371.62;91.05474960254371;14.88200791160824;100.14;902.0;11.203298887122417;12.02;153;6;1.900337837837838;222;2.7573529411764706;0;49;0.6086049284578696;484;6.011526232114467;12.819812964060814;6698.169717138104;0.47404910402173717;Bajo;0.0
28050;Cubas de la Sagra;cubas de la sagra;2688;321;262;140;130;0.11941964285714286;0.0974702380952381;0.025669642857142856;0.017852632677319787;7238.0;0.10689707906407708;55.73;34.15067519545131;18618.0;3.59;230.73;80.82343188726166;16.41025641025641;131.99;5.0;0.6907985631389886;12.89;17;0;2.348715114672561;4;0.5526388505111909;0;2;0.27631942525559544;30;4.144791378833932;27.525095745703165;561.5205585725369;7.212704411961761;Medio;0.5
28051;Chapinería;chapineria;1123;150;118;57;45;0.13357079252003562;0.10507569011576136;0.039180765805877114;0.018804501245974405;2705.0;0.12054681027340508;51.52;36.498378879110696;17011.0;4.73;243.99;94.63955637707947;16.015625;71.48;0.0;0.0;25.55;1;0;0.3696857670979667;6;2.2181146025878;0;1;0.3696857670979667;9;3.3271719038817005;43.31921830558361;105.87084148727985;26.347428666408383;Medio;0.5
28052;Chinchón;chinchon;3301;257;308;133;115;0.07785519539533475;0.09330505907300818;-0.009996970614965161;-0.003595081684852077;5800.0;0.07149455015702944;47.43;23.979286994622584;15431.0;6.1;261.21;111.72413793103449;11.419753086419753;53.88;34.0;5.862068965517241;115.79;31;0;5.344827586206896;42;7.241379310344828;0;3;0.5172413793103449;59;10.172413793103447;34.12802380182792;50.09068140599361;11.22521514435329;Medio;0.5
28053;Daganzo de Arriba;daganzo de arriba;5365;496;492;235;194;0.09245107176141659;0.09170549860205032;0.008387698042870456;0.008058431084252247;10764.0;0.04130792299506636;52.65;43.60103919575285;22277.0;4.02;393.91;103.49312523225566;18.402154398563734;129.66;87.0;8.082497212931996;43.4;17;0;1.579338535860275;17;1.579338535860275;0;3;0.2787068004459309;75;6.967670011148272;27.04978408053569;248.0184331797235;9.814012605622501;Medio;0.5
28054;Escorial (El);el escorial;8100;957;845;454;392;0.11814814814814815;0.10432098765432099;0.02148148148148148;0.01868537504695171;17171.0;0.04925145126794983;46.39;47.708499866773245;21836.0;4.19;178.5;99.99417622736009;24.694234129295285;92.81;24.0;1.397705433579873;68.79;42;0;2.4459845087647776;70;4.076640847941296;0;8;0.465901811193291;1092;63.59559722788423;38.07972483037268;249.61476958860297;8.526526568091366;Medio;0.5
28055;Estremera;estremera;755;63;62;35;24;0.08344370860927153;0.08211920529801324;0.015894039735099338;0.00958393376748859;1473.0;0.10419790104947535;43.62;19.387755102040817;14054.0;5.77;841.82;110.65852002715548;11.042944785276074;61.11;1.0;0.678886625933469;79.13;9;0;6.109979633401222;2;1.357773251866938;0;0;0.0;21;14.256619144602853;58.80952058831753;18.614937444711234;33.694958246688095;Alto;1.0
28056;Fresnedillas de la Oliva;fresnedillas de la oliva;688;92;86;43;41;0.13372093023255813;0.125;0.011627906976744186;0.008318243440470774;1883.0;0.1405208964264082;52.93;35.93646591661152;14835.0;6.43;132.77;80.7222517259692;16.447368421052634;80.36;0.0;0.0;28.34;16;0;8.49707912904939;8;4.248539564524695;0;2;1.0621348911311737;11;5.8417419012214555;41.252704024220975;66.44318983768525;21.722574865873746;Alto;1.0
28057;Fresno de Torote;fresno de torote;784;107;112;35;31;0.1364795918367347;0.14285714285714285;-0.0012755102040816326;0.004753837703735527;2561.0;0.11396259243149198;52.19;32.95292439372325;18350.0;4.96;138.62;62.86606794221007;16.149068322981368;107.4;1.0;0.39047247169074584;31.75;18;0;7.028504490433424;5;1.9523623584537289;0;2;0.7809449433814917;25;9.761811792268645;32.825833669526745;80.66141732283465;12.515201372728594;Medio;0.5
28058;Fuenlabrada;fuenlabrada;84020;7857;7943;3542;3634;0.09351344917876696;0.09453701499642943;-0.0021185432039990478;-0.0019065150916140145;190076.0;-0.02281583844864632;49.77;22.95947082710498;15909.0;5.07;252.11;88.18577832025085;11.907886887006324;79.9;1002.0;5.271575580294198;39.26;180;7;0.9469896252025505;421;2.2149035122792986;0;72;0.37879585008102024;635;3.3407689555756646;16.841227004464905;4841.467142129394;0.17974953145829917;Bajo;0.0
28059;Fuente el Saz de Jarama;fuente el saz de jarama;4633;423;398;226;214;0.0913015324843514;0.08590546082451975;0.007986186056550831;0.007739966633459982;7413.0;0.0890260026443368;52.06;33.174754202346975;17751.0;4.47;318.36;127.07405908539052;16.878980891719745;107.87;51.0;6.879805746661271;33.15;21;0;2.8328611898017;10;1.3489815189531902;0;1;0.13489815189531904;32;4.316740860650209;29.285785503447155;223.61990950226246;11.789384591460728;Medio;0.5
28060;Fuentidueña de Tajo;fuentiduena de tajo;947;90;93;49;35;0.09503695881731784;0.09820485744456177;0.011615628299894404;0.008608619453148681;2372.0;0.11048689138576773;47.85;20.18896071606166;14629.0;6.37;155.99;80.10118043844857;8.421052631578947;71.99;3.0;1.2647554806070826;60.18;7;0;2.951096121416526;9;3.7942664418212475;0;1;0.42158516020236086;6;2.5295109612141653;57.41787956981765;39.41508806912596;32.55513964412183;Alto;1.0
28061;Galapagar;galapagar;17097;2102;1980;847;800;0.12294554600222261;0.1158097911914371;0.009884775106743873;0.009603834846688121;36758.0;0.06554193118242169;51.37;45.78488842827995;21466.0;4.19;170.17;95.27177757222917;24.528840662478586;117.58;78.0;2.121987050438;65.19;90;1;2.4484465966592306;97;2.6388813319549485;0;18;0.48968931933184606;2915;79.30246476957397;29.666682838950248;563.8594876514803;2.490483540749615;Bajo;0.0
28062;Garganta de los Montes;garganta de los montes;254;20;21;15;17;0.07874015748031496;0.08267716535433071;-0.011811023622047244;0.004987967484258208;441.0;0.16976127320954904;42.08;42.44791666666667;21981.0;3.85;181.41;113.37868480725623;20.0;63.96;2.0;4.535147392290249;40.33;13;0;29.478458049886623;10;22.675736961451246;0;1;2.2675736961451247;14;31.746031746031743;56.88189524492695;10.934787999008183;26.44095942252746;Alto;1.0
28063;Gargantilla del Lozoya y Pinilla de Buitrago;gargantilla del lozoya y pinilla de buitrago;204;19;24;15;8;0.09313725490196079;0.11764705882352941;0.00980392156862745;0.007408160372323173;396.0;0.2815533980582525;33.83;37.32590529247911;21665.0;6.31;214.65;101.01010101010101;2.5;56.43;0.0;0.0;24.18;12;0;30.303030303030305;7;17.676767676767675;0;0;0.0;11;27.777777777777775;61.04374991739386;16.377171215880892;27.168614041972717;Alto;1.0
28064;Gascones;gascones;191;16;14;13;7;0.08376963350785341;0.07329842931937172;0.041884816753926704;0.010235760597202673;252.0;0.4318181818181819;52.0;38.88888888888889;21038.0;3.57;357.14;162.6984126984127;4.878048780487805;62.92;0.0;0.0;20.07;2;0;7.936507936507936;4;15.873015873015872;0;0;0.0;2;7.936507936507936;68.72517028217045;12.556053811659192;34.079962212434246;Alto;1.0
28065;Getafe;getafe;71982;8101;7506;3584;3377;0.11254202439498763;0.10427606901725431;0.011141674307465755;0.011035854055574518;193238.0;0.04351441840371528;50.85;35.23031905430855;19413.0;4.47;431.64;76.79648930334614;17.008086253369274;101.01;1166.0;6.034009873834339;78.58;348;13;1.8008880240946397;349;1.8060629896811184;0;51;0.26392324491042135;1262;6.530806570136309;13.3250879161561;2459.1244591499108;2.994893904197218;Bajo;0.0
28066;Griñón;grinon;7347;618;648;366;294;0.08411596570028583;0.08819926500612495;0.0057166190281747655;0.006021080310091169;10799.0;0.0348826066123622;50.05;34.503565551289086;21233.0;3.53;635.24;138.16094082785443;16.890080428954423;144.35;59.0;5.46346883970738;17.09;27;0;2.500231502916937;18;1.6668210019446246;0;2;0.18520233354940274;128;11.852949347161776;25.061706419017806;631.889994148625;4.361395531199746;Medio;0.5
28067;Guadalix de la Sierra;guadalix de la sierra;2991;346;296;141;125;0.11568037445670344;0.09896355733868271;0.022066198595787363;0.01615583128482021;6993.0;0.08586956521739131;50.21;37.256231982363914;18821.0;4.93;160.16;91.09109109109109;15.698587127158556;83.14;11.0;1.573001573001573;60.26;13;0;1.859001859001859;9;1.287001287001287;0;3;0.429000429000429;14;2.002002002002002;39.06016950121215;116.04712910720212;15.742473547915392;Medio;0.5
28068;Guadarrama;guadarrama;7763;791;743;407;335;0.1018935978358882;0.09571042122890636;0.015457941517454592;0.013781692007357007;17547.0;0.05960144927536226;47.73;39.39331970006817;20395.0;3.88;235.37;93.46327007465665;18.23170731707317;119.39;72.0;4.103265515472731;57.17;55;0;3.1344389354305577;66;3.7613267225166696;0;6;0.34193879295606083;374;21.314184760927795;44.939994400892466;306.9267098128389;4.941391567672071;Medio;0.5
28069;Hiruela (La);la hiruela;86;7;6;12;7;0.08139534883720931;0.06976744186046512;0.06976744186046512;0.009784641563904906;88.0;0.3538461538461539;31.82;59.210526315789465;19973.0;4.55;227.27;238.63636363636365;0.0;52.14;0.0;0.0;17.16;1;0;11.363636363636363;1;11.363636363636363;0;1;11.363636363636363;1;11.363636363636363;75.393808571198;5.128205128205128;50.92188337082125;Alto;1.0
28070;Horcajo de la Sierra-Aoslos;horcajo de la sierra aoslos;151;12;16;10;12;0.07947019867549669;0.10596026490066225;-0.039735099337748346;0.0038129961472443113;219.0;0.4407894736842106;38.01;39.603960396039604;21142.0;5.48;273.97;109.58904109589041;12.5;48.63;0.0;0.0;21.2;6;0;27.397260273972602;3;13.698630136986301;0;0;0.0;2;9.1324200913242;74.28574617953103;10.330188679245284;43.031200024951126;Alto;1.0
28071;Horcajuelo de la Sierra;horcajuelo de la sierra;93;14;11;7;7;0.15053763440860216;0.11827956989247312;0.03225806451612903;0.008293634522628261;104.0;0.1685393258426966;38.68;34.0;18012.0;3.85;336.54;182.69230769230768;5.263157894736842;56.73;0.0;0.0;23.83;1;0;9.615384615384617;3;28.846153846153847;0;1;9.615384615384617;1;9.615384615384617;76.04802208345805;4.364246747796895;46.328378237479754;Alto;1.0
28072;Hoyo de Manzanares;hoyo de manzanares;4681;560;563;256;206;0.119632557145909;0.12027344584490493;0.010040589617603077;0.009188730040260152;9310.0;0.09156993785906908;49.53;53.73926225366347;25242.0;3.48;329.75;102.04081632653062;26.842105263157894;97.83;7.0;0.7518796992481204;45.22;33;0;3.544575725026853;33;3.544575725026853;1;6;0.6444683136412459;935;100.42964554242751;27.31343078855766;205.88235294117646;7.041797582619873;Medio;0.5
28073;Humanes de Madrid;humanes de madrid;18822;1313;1373;802;762;0.06975879290192329;0.07294655190734248;-0.0010625863351397301;-0.00028535623959354586;20500.0;0.04055631693822659;56.84;24.65294690696542;14867.0;5.37;558.54;182.29268292682926;8.803853358308803;72.96;105.0;5.121951219512195;19.67;45;1;2.1951219512195124;38;1.8536585365853657;0;8;0.3902439024390244;344;16.78048780487805;21.109021219260192;1042.1962379257752;0.502340679725059;Bajo;0.0
28074;Leganés;leganes;73707;7425;7320;3320;3365;0.10073670072042004;0.09931214131629289;0.0008140339452155155;0.000978807218622066;195734.0;0.0241740531829171;47.06;28.728236633616394;17438.0;4.53;330.55;75.8018535359212;15.441126912448608;69.69;1570.0;8.02108984642423;43.22;308;10;1.5735641227380015;326;1.6655256623785342;0;53;0.27077564449712366;1144;5.844666741598291;11.175396116762297;4528.782970846831;0.19022357740844026;Bajo;0.0
28075;Loeches;loeches;5176;434;448;257;232;0.08384853168469861;0.0865533230293663;0.002125193199381762;0.003510474702082196;9261.0;0.040912667191188135;55.88;30.51222048881955;17944.0;4.58;497.79;111.65100961019328;11.895551257253386;88.97;396.0;42.75996112730807;44.32;34;0;3.6713097937587733;7;0.7558578987150416;0;2;0.21595939963286903;47;5.075045891372422;24.56247696871602;208.95758122743683;8.675536576183353;Medio;0.5
28076;Lozoya;lozoya;365;30;29;17;18;0.0821917808219178;0.07945205479452055;0.0;0.006037896930287108;598.0;0.03103448275862064;34.5;32.34782608695652;20831.0;4.85;275.92;123.74581939799332;5.405405405405405;69.86;2.0;3.3444816053511706;57.69;2;0;3.3444816053511706;12;20.066889632107024;0;2;3.3444816053511706;12;20.066889632107024;60.894513755097186;10.365747963251863;21.71213495471934;Alto;1.0
28078;Madarcos;madarcos;65;9;10;6;3;0.13846153846153847;0.15384615384615385;0.03076923076923077;0.007915418644122641;69.0;0.40816326530612246;37.68;40.625;19973.0;1.45;289.86;188.40579710144928;7.6923076923076925;44.84;0.0;0.0;8.55;1;0;14.492753623188406;1;14.492753623188406;0;0;0.0;1;14.492753623188406;70.20049288685952;8.07017543859649;41.020676270585795;Alto;1.0
28079;Madrid;madrid;2133933;251577;236789;106128;107112;0.11789357960160886;0.110963652560788;0.006468806658878231;0.006469442033209249;3506730.0;0.05157838865515352;51.09;46.827844580624806;25397.0;4.0;702.58;125.18357558180985;26.115470915862726;119.8;31996.0;9.12416981062129;604.45;5882;291;1.6773461315812739;11197;3.1930031681937305;48;2448;0.6980862512939405;11295;3.220949431521674;5.409026224505443;5801.522044834146;0.1538081700422634;Bajo;0.0
28080;Majadahonda;majadahonda;51804;5897;5615;2418;2379;0.11383290865570227;0.10838931356651996;0.006196432707899004;0.006231626027033587;73625.0;0.020372808537176823;50.53;58.64149974319466;32413.0;2.6;482.58;143.17147707979626;24.352528223128736;180.57;487.0;6.614601018675722;38.47;182;1;2.471986417657046;197;2.6757215619694397;0;47;0.6383701188455008;1896;25.752122241086585;17.233287440149155;1913.8289576293216;3.638278047017256;Bajo;0.0
28082;Manzanares el Real;manzanares el real;3967;477;461;220;184;0.1202419964708848;0.11620872195613814;0.013108142172926645;0.011137609549489037;9648.0;0.07967770814682185;49.48;47.187655550024886;21963.0;4.26;162.73;85.30265339966832;23.693803159173754;85.57;19.0;1.969320066334992;128.31;9;0;0.9328358208955224;34;3.5240464344941955;0;3;0.31094527363184077;39;4.04228855721393;39.76092184765891;75.19289221416881;10.871290790897623;Medio;0.5
28083;Meco;meco;6641;696;588;302;293;0.10480349344978165;0.08854088239722933;0.01761782864026502;0.015229874488446312;15922.0;0.08534423994546692;55.7;35.89219471572413;19887.0;4.16;492.71;87.48900891847758;15.07537688442211;100.76;299.0;18.77904785830926;34.94;27;1;1.6957668634593643;25;1.5701545032031152;0;5;0.31403090064062306;400;25.122472051249844;35.80204873282223;455.695477962221;3.2403274474905053;Medio;0.5
28084;Mejorada del Campo;mejorada del campo;11832;1152;1127;541;502;0.0973630831643002;0.0952501690331305;0.005409060175794456;0.0056583532541544515;25049.0;0.05964719319768186;53.1;22.56601251014659;15654.0;4.77;273.66;96.29126911253942;11.194029850746269;82.7;137.0;5.469280210786858;17.93;38;0;1.5170266278094933;23;0.9182003273583775;0;6;0.23953052018044632;66;2.6348357219849095;19.4758565475983;1397.0440602342444;4.829478815949356;Bajo;0.0
28085;Miraflores de la Sierra;miraflores de la sierra;3087;345;327;163;133;0.11175898931000972;0.10592808551992225;0.015549076773566569;0.012285886747341442;7350.0;0.15529707639107193;49.5;40.01285553591515;20002.0;4.73;161.9;88.57142857142857;17.665130568356375;105.81;9.0;1.2244897959183674;56.41;11;0;1.4965986394557824;36;4.8979591836734695;0;3;0.40816326530612246;54;7.346938775510203;42.65868706403317;130.29604680021274;16.017440533900754;Medio;0.5
28086;Molar (El);el molar;3553;381;359;172;159;0.1072333239515902;0.10104137348719391;0.009850830284266816;0.008892406641458675;9999.0;0.07666630774200489;54.36;30.815602836879428;15752.0;4.68;142.01;73.5073507350735;16.73469387755102;84.37;22.0;2.2002200220022;50.19;7;0;0.7000700070007001;21;2.1002100210021;0;3;0.3000300030003;19;1.9001900190019003;33.41575494082516;199.22295277943815;15.993318839897483;Medio;0.5
28087;Molinos (Los);los molinos;2297;284;217;125;110;0.12363952982150632;0.09447104919460166;0.03569873748367436;0.022540661625426787;4781.0;0.07850214301827196;44.61;38.88627819548872;20682.0;4.58;209.16;103.32566408701109;22.267206477732792;122.59;12.0;2.5099351600083666;19.16;19;1;3.97406400334658;21;4.392386530014641;0;3;0.6274837900020916;74;15.47793348671826;47.18395446463295;249.5302713987474;2.689758842295319;Medio;0.5
28088;Montejo de la Sierra;montejo de la sierra;213;8;22;18;13;0.03755868544600939;0.10328638497652583;-0.04225352112676056;0.002327043088874638;404.0;0.10989010989010994;40.69;36.67621776504298;18238.0;2.72;297.03;96.53465346534654;7.6923076923076925;61.37;0.0;0.0;32.18;3;0;7.425742574257425;8;19.801980198019802;0;2;4.9504950495049505;3;7.425742574257425;76.66432198561104;12.554381603480422;48.48156679642771;Alto;1.0
28089;Moraleja de Enmedio;moraleja de enmedio;4176;326;315;220;209;0.07806513409961686;0.07543103448275862;0.005268199233716475;0.005873359362900011;5580.0;0.07307692307692304;52.52;30.93769934084627;18277.0;3.96;470.43;153.04659498207883;8.665105386416862;118.43;52.0;9.31899641577061;31.17;33;0;5.913978494623656;7;1.2544802867383513;0;2;0.35842293906810035;18;3.225806451612903;23.14222980196845;179.01828681424445;4.363831528282456;Medio;0.5
28090;Moralzarzal;moralzarzal;6512;688;652;337;289;0.10565110565110565;0.10012285012285012;0.012899262899262898;0.011568750719307417;14772.0;0.10784460776961158;48.53;48.46635749735579;22974.0;3.59;212.56;91.45681018142432;22.131754256106586;104.0;50.0;3.3847820200379095;43.56;21;0;1.421608448415922;56;3.7909558624424586;0;5;0.3384782020037909;138;9.34199837530463;34.369027845946135;339.11845730027545;6.68798547480414;Medio;0.5
28091;Morata de Tajuña;morata de tajuna;3057;276;264;139;128;0.09028459273797841;0.08635917566241413;0.007523716061498201;0.00738118276534627;8397.0;0.07009048043838417;50.36;22.455300577220893;15085.0;5.47;161.96;74.90770513278552;10.651828298887123;75.71;9.0;1.0718113612004287;45.29;31;0;3.6917946885792543;14;1.6672621174228892;0;3;0.3572704537334762;175;20.840776467786114;29.947771709280833;185.40516670346656;8.04875910532029;Medio;0.5
28092;Móstoles;mostoles;69403;7545;7567;3179;3104;0.1087128798466925;0.10902986902583461;0.0007636557497514517;0.0009397531085019752;214817.0;0.02143512640923584;48.56;28.378905192484705;16710.0;4.55;215.28;65.1065790882472;15.508365508365507;83.65;669.0;3.1142786650963377;44.86;285;7;1.3267106420813997;249;1.1591261399237491;0;95;0.44223688069379985;1020;4.7482275611334295;19.239307774405297;4788.609005795809;1.352644089341272;Bajo;0.0
28093;Navacerrada;navacerrada;1965;183;177;120;116;0.09312977099236641;0.0900763358778626;0.005089058524173028;0.006124249325081161;3311.0;0.07117437722419928;45.33;44.53287197231834;23446.0;3.84;234.07;118.99728178797946;22.33502538071066;109.99;7.0;2.1141649048625792;27.51;16;0;4.832376925400181;38;11.47689519782543;0;4;1.2080942313500453;28;8.456659619450317;44.844469092829776;120.3562340966921;3.9267421055483007;Medio;0.5
28094;Navalafuente;navalafuente;555;85;83;37;31;0.15315315315315314;0.14954954954954955;0.014414414414414415;0.008757261844273398;1693.0;0.12045003309066837;52.56;36.79715302491103;17664.0;6.85;106.32;67.92675723567632;18.26086956521739;88.94;1.0;0.5906674542232723;12.18;9;0;5.31600708800945;2;1.1813349084465445;0;1;0.5906674542232723;19;11.222681630242175;44.48683063870989;138.9983579638752;20.85875772954564;Alto;1.0
28095;Navalagamella;navalagamella;927;114;112;57;60;0.12297734627831715;0.12081984897518878;-0.0010787486515641855;0.004518775880902131;3169.0;0.20174440652256354;53.12;30.129672006102208;14652.0;5.71;105.71;58.69359419375198;18.27956989247312;78.36;0.0;0.0;75.76;5;0;1.577784790154623;6;1.8933417481855477;0;2;0.6311139160618492;127;40.07573366992742;36.26233844764504;41.829461457233364;19.523099740039132;Medio;0.5
28096;Navalcarnero;navalcarnero;12503;1280;1153;650;558;0.10237542989682476;0.09221786771174918;0.017515796208909862;0.016109227249624616;33331.0;0.11158912789728204;56.4;34.39978847170809;17499.0;4.61;304.67;78.75551288590202;16.152380952380952;89.23;45.0;1.3500945066154633;100.83;76;0;2.280159611172782;31;0.930065104557319;0;1;0.030002100147010293;398;11.940835858510095;29.971817609743983;330.5662997123872;12.140804046188272;Bajo;0.0
28097;Navarredonda y San Mamés;navarredonda y san mames;100;11;13;8;10;0.11;0.13;-0.04;0.004875689998822742;163.0;0.26356589147286824;36.97;39.58333333333333;24790.0;4.91;153.37;92.02453987730061;13.333333333333334;51.18;1.0;6.134969325153374;28.47;5;0;30.67484662576687;3;18.404907975460123;0;1;6.134969325153374;25;153.37423312883436;65.37284023323438;5.725324903407095;28.406808831985224;Alto;1.0
28099;Navas del Rey;navas del rey;1478;183;156;119;88;0.12381596752368065;0.10554803788903924;0.03924221921515562;0.02093183265976444;3420.0;0.15306810519217806;51.84;25.54973821989529;15201.0;5.94;182.75;98.24561403508773;12.202380952380953;55.54;10.0;2.923976608187134;50.51;6;0;1.7543859649122808;7;2.046783625730994;0;3;0.8771929824561404;19;5.555555555555555;48.30244992465304;67.70936448228073;31.288459424496402;Medio;0.5
28100;Nuevo Baztán;nuevo baztan;3074;400;391;186;148;0.13012361743656473;0.12719583604424203;0.015289525048796356;0.012119130749666395;7429.0;0.15106910443136035;49.37;34.01883830455259;18673.0;5.34;183.74;84.80279983847086;19.682539682539684;105.57;1.0;0.13460761879122357;20.1;32;0;4.307443801319154;31;4.172836182527932;0;3;0.4038228563736707;1067;143.62632925023556;38.492180023322256;369.60199004975124;15.8729944195511;Medio;0.5
28101;Olmeda de las Fuentes;olmeda de las fuentes;284;28;26;6;16;0.09859154929577464;0.09154929577464789;-0.028169014084507043;0.0026982213639701923;429.0;0.2398843930635839;42.4;50.14492753623189;25606.0;6.29;198.14;121.21212121212122;11.538461538461538;75.1;2.0;4.662004662004662;16.52;4;0;9.324009324009324;1;2.331002331002331;0;0;0.0;28;65.26806526806527;42.56356587954735;25.968523002421307;18.72604558157055;Alto;1.0
28102;Orusco de Tajuña;orusco de tajuna;410;52;53;34;21;0.12682926829268293;0.12926829268292683;0.02926829268292683;0.010976126251607984;1531.0;0.18223938223938219;48.47;19.969395562356542;13914.0;6.53;160.03;56.17243631613324;22.093023255813954;51.69;0.0;0.0;21.36;4;0;2.612671456564337;4;2.612671456564337;0;0;0.0;5;3.2658393207054215;44.16742243245105;71.67602996254682;20.1870386148176;Alto;1.0
28104;Paracuellos de Jarama;paracuellos de jarama;13449;1571;1519;679;622;0.11681165885939475;0.11294520038664585;0.00810469179864674;0.007984189687788306;27650.0;0.06686730717289802;56.16;53.56554483407861;26450.0;2.95;235.8;98.98734177215191;20.789185239313117;146.79;16.0;0.5786618444846293;43.78;102;0;3.6889692585895117;35;1.2658227848101267;0;6;0.21699819168173598;1232;44.55696202531646;18.627805620988635;631.5669255367748;6.329993164358027;Bajo;0.0
28106;Parla;parla;36768;4847;4194;1726;1744;0.13182658833768493;0.11406657963446475;0.017270452567449957;0.01675750135149792;137471.0;0.02988417914025865;56.55;20.918008547162668;13534.0;5.47;139.05;56.74651381018543;13.434175105755672;75.82;329.0;2.393232027118447;24.97;159;20;1.156607575415906;80;0.5819409184482545;0;20;0.14548522961206362;199;1.447578034640033;21.36745957513101;5505.446535843012;0.16645300033410348;Bajo;0.0
28107;Patones;patones;322;23;31;22;12;0.07142857142857142;0.09627329192546584;0.006211180124223602;0.007025929098193687;617.0;0.14471243042671622;40.45;27.49529190207156;19657.0;3.24;202.59;102.10696920583469;11.11111111111111;67.21;0.0;0.0;35.07;12;0;19.448946515397083;17;27.55267423014587;0;2;3.2414910858995136;5;8.103727714748784;54.91362370758702;17.593384659252923;36.04982346496435;Alto;1.0
28108;Pedrezuela;pedrezuela;2306;268;274;146;151;0.11621856027753687;0.11882046834345186;-0.004770164787510842;0.0007184031485762028;6606.0;0.0741463414634147;54.0;40.96841308870815;20132.0;4.44;140.78;68.2712685437481;24.6119733924612;102.8;6.0;0.9082652134423251;28.53;22;0;3.330305782621859;10;1.5137753557372085;0;1;0.15137753557372086;13;1.9679079624583713;36.680092931449835;231.54574132492112;16.67538076838874;Medio;0.5
28109;Pelayos de la Presa;pelayos de la presa;1428;177;158;72;44;0.12394957983193278;0.11064425770308123;0.032913165266106444;0.017998320025808714;3195.0;0.19394618834080712;49.53;26.244852115312618;13968.0;7.73;189.36;97.33959311424101;20.257234726688104;55.98;7.0;2.190923317683881;7.57;7;0;2.190923317683881;10;3.1298904538341157;0;2;0.6259780907668231;11;3.4428794992175273;53.3768786914644;422.06076618229855;36.39956321147776;Medio;0.5
28110;Perales de Tajuña;perales de tajuna;1248;161;154;56;48;0.12900641025641027;0.1233974358974359;0.01201923076923077;0.00904708989964798;3260.0;0.09030100334448155;51.03;25.825385179750548;15100.0;7.15;167.18;77.91411042944785;12.992125984251967;67.29;10.0;3.067484662576687;49.07;10;0;3.067484662576687;5;1.5337423312883436;0;1;0.3067484662576687;19;5.828220858895706;36.54629221577879;66.43570409618911;11.7637304633298;Medio;0.5
28111;Pezuela de las Torres;pezuela de las torres;432;35;39;25;20;0.08101851851851852;0.09027777777777778;0.0023148148148148147;0.006286316165026684;1008.0;0.16262975778546718;50.95;26.44927536231884;16815.0;3.97;183.53;85.31746031746032;5.813953488372093;72.85;1.0;0.992063492063492;41.68;4;0;3.968253968253968;3;2.976190476190476;0;0;0.0;55;54.56349206349206;44.59839105441437;24.18426103646833;17.203817218546927;Alto;1.0
28112;Pinilla del Valle;pinilla del valle;72;6;8;4;3;0.08333333333333333;0.1111111111111111;-0.013888888888888888;0.006415463842694631;200.0;0.05263157894736836;32.5;42.391304347826086;21855.0;2.5;150.0;65.0;7.6923076923076925;65.5;0.0;0.0;25.45;3;0;15.0;4;20.0;0;1;5.0;7;35.0;58.84129455994602;7.858546168958743;17.067182024342735;Alto;1.0
28113;Pinto;pinto;23560;2428;2306;1221;1192;0.10305602716468591;0.09787775891341256;0.006409168081494058;0.006466926536633456;56651.0;0.06237224566338484;53.91;35.05335040546308;18803.0;4.4;388.61;85.50599283331275;16.597853014037987;67.28;362.0;6.390001941713297;61.98;87;1;1.535718698699052;107;1.8887574800091789;0;22;0.3883426594411396;374;6.601825210499373;18.936042634108695;914.0206518231688;1.6079462421068695;Bajo;0.0
28114;Piñuécar-Gandullas;pinuecar gandullas;116;13;14;10;12;0.11206896551724138;0.1206896551724138;-0.02586206896551724;0.005318740916659761;183.0;0.022346368715083775;41.3;37.80487804878049;18215.0;3.83;163.93;98.36065573770492;5.555555555555555;53.01;0.0;0.0;18.24;6;0;32.786885245901644;3;16.393442622950822;0;1;5.46448087431694;7;38.25136612021858;68.55751512235949;10.032894736842106;38.41464109824686;Alto;1.0
28115;Pozuelo de Alarcón;pozuelo de alarcon;78775;8283;7998;4120;3899;0.1051475721993018;0.10152967311964456;0.006423357664233576;0.006441271982258719;89770.0;0.02988584867779509;50.13;62.11916851793081;44016.0;2.18;966.14;178.80138130778656;27.28178929661703;162.66;664.0;7.396680405480673;43.15;326;17;3.631502729196836;290;3.230477887935836;2;53;0.5903976829675839;5430;60.48791355686755;9.448584370575086;2080.4171494785633;0.5701112600401016;Bajo;0.0
28116;Pozuelo del Rey;pozuelo del rey;441;47;42;30;26;0.10657596371882086;0.09523809523809523;0.02040816326530612;0.00958782204803365;1302.0;0.11092150170648463;59.07;29.316888045540797;15900.0;5.53;126.73;74.50076804915514;16.49484536082474;68.01;3.0;2.304147465437788;30.91;5;0;3.8402457757296466;3;2.304147465437788;0;2;1.5360983102918586;5;3.8402457757296466;34.05930521232806;42.12229052086703;13.40274637700313;Alto;1.0
28117;Prádena del Rincón;pradena del rincon;112;12;5;8;4;0.10714285714285714;0.044642857142857144;0.09821428571428571;0.012069475131232047;146.0;0.16799999999999993;42.47;42.857142857142854;22866.0;4.11;342.47;198.63013698630135;10.344827586206897;54.86;0.0;0.0;22.5;2;0;13.698630136986301;3;20.54794520547945;0;1;6.8493150684931505;2;13.698630136986301;71.04420735250513;6.488888888888889;45.26503621759144;Alto;1.0
28118;Puebla de la Sierra;puebla de la sierra;51;7;6;5;4;0.13725490196078433;0.11764705882352941;0.0392156862745098;0.007970386829151271;98.0;0.34246575342465757;42.42;45.55555555555556;19973.0;3.06;255.1;112.24489795918367;27.27272727272727;48.81;0.0;0.0;56.69;1;0;10.204081632653061;2;20.408163265306122;0;1;10.204081632653061;3;30.612244897959183;68.51616553416677;1.728699947080614;45.9394508434807;Alto;1.0
28119;Quijorna;quijorna;1498;174;164;61;72;0.11615487316421896;0.10947930574098798;-0.0006675567423230974;0.003773693285466059;4044.0;0.14205026828579492;53.24;39.39484721390054;18010.0;3.64;129.82;74.1839762611276;17.666666666666668;102.65;8.0;1.9782393669634024;25.68;8;0;1.9782393669634024;4;0.9891196834817012;0;1;0.2472799208704253;9;2.225519287833828;30.306662919196466;157.47663551401868;13.374277233930336;Medio;0.5
28120;Rascafría;rascafria;1303;106;113;54;55;0.08135072908672294;0.08672294704528012;-0.0061396776669224865;0.0018568848982769162;1704.0;-0.012173913043478257;37.99;32.437619961612285;19755.0;4.05;267.02;150.23474178403757;9.375;100.47;4.0;2.347417840375587;149.3;12;0;7.042253521126761;31;18.192488262910796;0;2;1.1737089201877935;74;43.42723004694836;52.20862182356345;11.413261888814466;7.427717392604549;Alto;1.0
28121;Redueña;reduena;249;16;23;12;19;0.0642570281124498;0.09236947791164658;-0.05622489959839357;3.084907297604437e-05;288.0;0.06666666666666665;47.39;36.25954198473282;19783.0;3.47;208.33;138.88888888888889;17.5;70.89;2.0;6.944444444444444;13.03;1;0;3.472222222222222;1;3.472222222222222;0;2;6.944444444444444;35;121.52777777777777;45.29268474992611;22.10283960092095;24.43840786664976;Alto;1.0
28122;Ribatejada;ribatejada;332;43;44;18;11;0.12951807228915663;0.13253012048192772;0.018072289156626505;0.008736743512219836;905.0;0.12983770287141083;45.95;33.872976338729764;19222.0;6.74;138.12;76.24309392265194;17.391304347826086;88.99;0.0;0.0;32.16;16;0;17.679558011049725;4;4.419889502762431;0;2;2.2099447513812156;6;6.629834254143646;36.826697473979024;28.140547263681594;16.744901881952547;Alto;1.0
28123;Rivas-Vaciamadrid;rivas vaciamadrid;44579;4940;4474;2479;2182;0.11081450907377913;0.10036115659839835;0.017115682271921756;0.016695348484177745;103148.0;0.13383091686544368;57.04;48.600613363599045;23467.0;3.66;275.91;90.33621592275178;20.28332260141661;138.13;1028.0;9.966262070035288;67.42;212;3;2.0552991817582504;205;1.9874355295303836;0;31;0.30053903129483844;4598;44.57672470624733;17.161646217989347;1529.9317709878374;0.34194199747256365;Bajo;0.0
28124;Robledillo de la Jara;robledillo de la jara;50;7;7;7;6;0.14;0.14;0.02;0.007478064440480874;118.0;0.24210526315789482;42.02;40.17094017094017;19183.0;7.63;127.12;84.7457627118644;0.0;61.95;0.0;0.0;21.02;7;0;59.32203389830509;2;16.949152542372882;0;1;8.474576271186441;5;42.3728813559322;60.99966876503152;5.613701236917222;39.947594326865854;Alto;1.0
28125;Robledo de Chavela;robledo de chavela;2140;263;228;166;126;0.12289719626168225;0.10654205607476636;0.035046728971962614;0.02169751518820194;4818.0;0.10403299725022919;44.6;37.53860774530767;18037.0;5.77;211.71;96.92818596928187;19.05781584582441;75.93;6.0;1.2453300124533002;94.15;33;0;6.8493150684931505;3;0.6226650062266501;0;1;0.20755500207555003;16;3.3208800332088004;46.20813398592774;51.17365905469995;25.601473548392786;Medio;0.5
28126;Robregordo;robregordo;26;4;4;3;3;0.15384615384615385;0.15384615384615385;0.0;0.0070659466838618595;79.0;0.21538461538461529;48.1;25.757575757575758;19973.0;7.59;189.87;50.63291139240506;0.0;48.05;0.0;0.0;18.35;4;0;50.63291139240506;0;0.0;0;0;0.0;1;12.658227848101266;78.77601050372247;4.305177111716621;45.0295508359033;Alto;1.0
28127;Rozas de Madrid (Las);las rozas de madrid;72717;8189;7845;3705;3563;0.11261465682027587;0.10788398861339164;0.006683444036470152;0.0066959682366242055;99037.0;0.030422523487977804;52.06;64.14773344272976;32540.0;2.57;590.28;149.52997364621305;29.610372071037883;176.84;1660.0;16.76141240142573;58.29;253;3;2.554600805759464;222;2.241586477781031;0;28;0.28272261881922917;2906;29.342568938881428;19.761431060607308;1699.0392863269858;0.8323557632755567;Bajo;0.0
28128;Rozas de Puerto Real;rozas de puerto real;384;21;19;30;27;0.0546875;0.049479166666666664;0.013020833333333334;0.008117624456180911;579.0;0.043243243243243246;37.46;27.05223880597015;16374.0;5.18;310.88;136.44214162348877;11.39240506329114;49.72;0.0;0.0;29.55;8;0;13.81692573402418;2;3.454231433506045;0;1;1.7271157167530224;7;12.089810017271159;70.08914503632346;19.593908629441625;53.22947192874746;Alto;1.0
28129;San Agustín del Guadalix;san agustin del guadalix;7225;766;751;375;336;0.10602076124567474;0.1039446366782007;0.007474048442906575;0.00740677909113917;13825.0;0.026659735630476744;52.71;46.77936714347638;25425.0;3.64;406.51;106.90777576853526;25.16914749661705;130.69;41.0;2.965641952983725;38.23;14;0;1.0126582278481013;30;2.1699819168173597;0;3;0.21699819168173598;50;3.6166365280289328;30.474644238333138;361.62699450693174;12.015884043980527;Medio;0.5
28130;San Fernando de Henares;san fernando de henares;20048;1705;1711;963;858;0.08504588986432562;0.08534517158818834;0.0049381484437350355;0.0051364330099290855;39059.0;-0.012814032249911511;48.84;28.55390008764242;17981.0;4.63;691.77;104.38055249750377;16.016678930586213;88.66;684.0;17.511969072428887;38.84;92;3;2.3554110448296166;156;3.993957858624133;0;21;0.5376481732763255;262;6.7078010189713;18.674520736200225;1005.6385169927909;2.0963471848420814;Bajo;0.0
28131;San Lorenzo de El Escorial;san lorenzo de el escorial;9705;1093;1058;513;459;0.11262235960844925;0.10901597114889232;0.009170530654301906;0.008831902300562893;18872.0;0.01834664364342764;46.57;47.4013622139044;21508.0;3.59;264.94;104.59940652818992;24.214792299898683;98.24;123.0;6.517592200084782;56.38;57;0;3.020347604917338;83;4.398050021195422;0;12;0.635862653666808;536;28.40186519711742;42.53569171124331;334.72862717275626;9.176492023762012;Medio;0.5
28132;San Martín de la Vega;san martin de la vega;9015;882;855;412;359;0.0978369384359401;0.09484193011647254;0.00887409872434831;0.008567240423275863;21010.0;0.07013701421076757;55.82;24.383257336607038;15118.0;5.52;262.97;88.43407900999524;13.18622174381055;92.96;141.0;6.711089957163256;105.09;48;0;2.2846263683960015;73;3.4745359352689196;0;5;0.23798191337458352;667;31.74678724416944;22.75225442495868;199.92387477400322;10.084405149745866;Bajo;0.0
28133;San Martín de Valdeiglesias;san martin de valdeiglesias;4062;375;343;191;172;0.09231905465288036;0.0844411619891679;0.012555391432791729;0.010796134038090089;9324.0;0.07431731766332517;49.17;25.906402674209307;15211.0;6.27;192.51;90.3045903045903;14.133016627078385;55.0;38.0;4.0755040755040755;116.42;9;0;0.9652509652509653;42;4.504504504504505;0;3;0.32175032175032175;48;5.148005148005148;56.54149790599743;80.08933172994331;39.54965004227805;Medio;0.5
28134;San Sebastián de los Reyes;san sebastian de los reyes;50053;5138;5038;2620;2491;0.1026511897388768;0.10065330749405631;0.0045751503406389225;0.004672772883378234;96992.0;0.06322897483118473;52.93;46.84311584654192;24078.0;3.47;525.04;105.22517321016166;24.172055653537136;96.38;4718.0;48.6431870669746;59.13;173;3;1.7836522599802047;156;1.608380072583306;0;15;0.1546519300560871;674;6.949026723853514;19.633844164630958;1640.3179435142904;1.9666211057524925;Bajo;0.0
28135;Santa María de la Alameda;santa maria de la alameda;835;81;80;35;25;0.09700598802395209;0.09580838323353294;0.013173652694610778;0.008952964231274629;1584.0;0.19909159727479175;42.17;34.25995492111195;16242.0;7.26;183.08;111.1111111111111;9.659090909090908;63.36;0.0;0.0;75.66;21;0;13.257575757575758;9;5.681818181818182;0;2;1.2626262626262628;8;5.050505050505051;49.962353992277144;20.935765265662173;19.125259163479505;Alto;1.0
28136;Santorcaz;santorcaz;340;49;30;20;21;0.14411764705882352;0.08823529411764706;0.052941176470588235;0.013912494510875907;1011.0;0.1245828698553948;48.18;27.582292849035188;16838.0;5.04;108.8;75.1730959446093;9.210526315789473;70.16;0.0;0.0;28.22;3;0;2.967359050445104;3;2.967359050445104;0;1;0.9891196834817012;36;35.60830860534125;41.16677600513706;35.825655563430196;9.47756349997934;Alto;1.0
28137;Santos de la Humosa (Los);los santos de la humosa;935;85;92;34;44;0.09090909090909091;0.09839572192513368;-0.01818181818181818;-0.0010109310870451854;2867.0;0.06421677802524117;56.09;31.97009674582234;16743.0;4.6;115.1;61.03941402162539;11.428571428571429;74.77;4.0;1.3951866062085805;34.82;3;0;1.0463899546564353;1;0.3487966515521451;0;0;0.0;8;2.790373212417161;39.447147364744225;82.33773693279724;4.38470489719673;Medio;0.5
28138;Serna del Monte (La);la serna del monte;101;1;7;10;8;0.009900990099009901;0.06930693069306931;-0.039603960396039604;0.00487333003270521;110.0;0.26436781609195403;50.91;27.77777777777778;15734.0;4.55;590.91;154.54545454545453;5.88235294117647;54.12;0.0;0.0;5.52;4;0;36.36363636363636;2;18.18181818181818;0;0;0.0;10;90.9090909090909;69.21318413977605;19.92753623188406;37.42256360944825;Alto;1.0
28140;Serranillos del Valle;serranillos del valle;2427;256;230;141;124;0.10548001648125258;0.09476720230737536;0.017717346518335394;0.012993693043617706;4670.0;0.08832439990678154;52.94;29.82727507089456;19113.0;3.92;278.37;111.77730192719486;15.32567049808429;135.62;3.0;0.6423982869379015;13.29;18;0;3.8543897216274092;4;0.8565310492505352;0;1;0.2141327623126338;18;3.8543897216274092;28.364408241576303;351.39202407825434;7.757779530606471;Medio;0.5
28141;Sevilla la Nueva;sevilla la nueva;4454;483;499;214;203;0.10844185002245173;0.11203412662775034;-0.001122586439155815;0.0014127278154804428;9802.0;0.04354306398381769;50.86;38.815305371596764;19399.0;3.82;252.5;91.10385635584575;20.6047032474804;105.27;21.0;2.1424199143032037;24.73;18;0;1.836359926545603;20;2.0403999183840034;0;2;0.20403999183840033;880;89.77759640889614;29.286933540223423;396.36069551152445;12.9139500987734;Medio;0.5
28143;Somosierra;somosierra;88;10;15;6;5;0.11363636363636363;0.17045454545454544;-0.045454545454545456;0.004904188917471487;93.0;0.06896551724137923;44.09;32.25806451612903;19973.0;5.38;537.63;150.53763440860214;14.285714285714285;53.44;0.0;0.0;20.4;2;0;21.505376344086024;2;21.505376344086024;0;0;0.0;4;43.01075268817205;81.24669031792317;4.558823529411765;48.646456200865295;Alto;1.0
28144;Soto del Real;soto del real;4872;530;553;239;221;0.1087848932676519;0.11350574712643678;-0.001026272577996716;0.0013263565668522688;9400.0;0.04665404743347068;47.26;50.660146699266505;24782.0;3.46;295.74;102.12765957446808;19.895833333333332;129.43;19.0;2.021276595744681;42.85;23;0;2.4468085106382977;46;4.8936170212765955;0;5;0.5319148936170213;141;15.0;37.403229912552945;219.36989498249707;11.4484431319239;Medio;0.5
28145;Talamanca de Jarama;talamanca de jarama;1557;151;169;87;70;0.09698137443802184;0.10854206807964033;-0.0006422607578676942;0.003710476958423896;4607.0;0.14830508474576276;54.01;34.9023803155924;17269.0;3.76;167.14;66.63772520078142;21.49837133550489;77.46;12.0;2.604731929672238;38.49;8;0;1.7364879531148252;12;2.604731929672238;0;2;0.4341219882787063;69;14.977208595615368;39.8282933048084;119.69342686412054;22.157660666451413;Medio;0.5
28146;Tielmes;tielmes;1085;99;105;70;54;0.0912442396313364;0.0967741935483871;0.009216589861751152;0.007891245851661954;2964.0;0.08333333333333326;51.9;21.75540765391015;14535.0;6.68;263.16;72.8744939271255;7.87037037037037;47.94;4.0;1.3495276653171389;26.58;8;0;2.6990553306342777;7;2.3616734143049936;0;1;0.3373819163292847;15;5.060728744939271;39.73874482666424;111.51241534988714;14.62841168658514;Medio;0.5
28147;Titulcia;titulcia;552;48;55;28;33;0.08695652173913043;0.09963768115942029;-0.021739130434782608;0.0008217321603372913;1389.0;0.03579418344519025;48.93;22.380553227158423;16066.0;6.98;176.39;76.31389488840892;11.320754716981133;64.29;2.0;1.4398848092152627;10.11;2;0;1.4398848092152627;6;4.319654427645789;0;1;0.7199424046076314;9;6.479481641468682;32.441371972029266;137.3887240356083;4.441509846842514;Alto;1.0
28148;Torrejón de Ardoz;torrejon de ardoz;48128;5577;5390;2391;2258;0.11587849069148937;0.11199301861702128;0.006648936170212766;0.006668961728137044;143526.0;0.08033691373171847;53.34;29.717008687524515;17473.0;4.58;279.84;68.5729414879534;15.606584027636657;65.31;404.0;2.8148210080403553;32.36;164;2;1.1426501121747974;445;3.1004835360840546;0;61;0.4250101026991625;873;6.082521633710965;21.43980545504402;4435.290482076638;1.7775339826302008;Bajo;0.0
28149;Torrejón de la Calzada;torrejon de la calzada;4992;506;471;261;202;0.10136217948717949;0.09435096153846154;0.018830128205128204;0.015533750157764693;10653.0;0.15869045029366968;58.37;32.048221532585345;18558.0;3.82;533.65;99.12700647704872;16.28787878787879;132.67;46.0;4.318032479113865;8.96;15;0;1.4080540692762602;25;2.3467567821271;0;4;0.37548108514033607;48;4.505773021684033;25.06601382671681;1188.9508928571427;3.9240977503804997;Medio;0.5
28150;Torrejón de Velasco;torrejon de velasco;2352;242;200;104;88;0.10289115646258504;0.08503401360544217;0.02465986394557823;0.016694069920678473;4900.0;0.11719106247150024;51.95;29.02521823472357;17563.0;4.06;228.57;103.06122448979592;7.128712871287128;76.91;6.0;1.2244897959183674;52.16;10;0;2.0408163265306123;5;1.0204081632653061;0;1;0.20408163265306123;30;6.122448979591836;27.159851789355894;93.94171779141105;5.287855169271893;Medio;0.5
28151;Torrelaguna;torrelaguna;2261;212;170;100;84;0.09376382131800089;0.07518796992481203;0.02565236620964175;0.017053549419680306;5081.0;0.04676555418211792;48.52;28.64145658263305;17244.0;4.63;145.64;96.24089746112969;13.29243353783231;63.36;16.0;3.148986419996064;43.06;7;0;1.3776815587482778;18;3.5426097224955715;0;2;0.393623302499508;145;28.537689431214325;46.94257621745666;117.99814212726427;27.594281851777865;Medio;0.5
28152;Torrelodones;torrelodones;17446;2059;1903;960;811;0.11802132293935573;0.10907944514501891;0.017482517482517484;0.016437499348182418;25433.0;0.06405321730399138;51.19;62.64900662251656;34072.0;2.53;289.39;143.7109267487123;28.0437756497948;183.97;66.0;2.5950536704281837;21.68;123;1;4.83623638579798;91;3.5780285455903744;1;16;0.6291039201038022;2713;106.67243345260096;25.81062581593744;1173.108856088561;2.573462844219497;Bajo;0.0
28153;Torremocha de Jarama;torremocha de jarama;603;52;63;41;36;0.08623548922056384;0.1044776119402985;-0.009950248756218905;0.00314186131135863;1157.0;0.07627906976744181;39.48;39.22764227642276;20642.0;3.72;315.47;100.25929127052723;17.24137931034483;78.37;17.0;14.693171996542784;18.86;7;0;6.050129645635264;1;0.8643042350907519;0;1;0.8643042350907519;9;7.778738115816767;49.35461230161467;61.34676564156946;31.302379858262697;Alto;1.0
28154;Torres de la Alameda;torres de la alameda;4261;335;355;200;179;0.07862004224360479;0.08331377610889462;0.0002346866932644919;0.0024202216266573985;7824.0;-0.0011489850631941634;51.28;34.01750679142771;16713.0;5.55;384.71;107.87321063394684;11.848341232227488;96.59;70.0;8.946830265848671;43.33;22;0;2.8118609406952966;14;1.7893660531697342;0;3;0.3834355828220859;60;7.668711656441718;28.45913544614358;180.56773597969075;8.107903458841617;Medio;0.5
28155;Valdaracete;valdaracete;237;25;27;16;16;0.10548523206751055;0.11392405063291139;-0.008438818565400843;0.005480608468469102;658.0;0.08760330578512399;47.29;25.34246575342466;16204.0;7.45;113.98;69.90881458966565;8.695652173913043;51.72;0.0;0.0;63.8;8;0;12.158054711246201;2;3.0395136778115504;0;0;0.0;10;15.197568389057752;49.24020644566233;10.313479623824453;24.126297825929598;Alto;1.0
28156;Valdeavero;valdeavero;878;77;80;43;39;0.08769931662870159;0.09111617312072894;0.0011389521640091116;0.005300140642831151;1896.0;0.19170333123821504;53.81;26.917989417989418;16311.0;5.8;176.69;93.8818565400844;11.797752808988763;78.75;25.0;13.185654008438819;18.71;2;0;1.0548523206751055;2;1.0548523206751055;0;1;0.5274261603375527;19;10.021097046413503;37.65362757551789;101.33618385889898;9.90907051176433;Alto;1.0
28157;Valdelaguna;valdelaguna;346;39;40;19;16;0.11271676300578035;0.11560693641618497;0.005780346820809248;0.006952964018852861;1122.0;0.146067415730337;50.36;24.489795918367346;15580.0;6.15;106.95;59.71479500891266;19.402985074626866;55.44;3.0;2.6737967914438503;42.26;6;0;5.347593582887701;4;3.5650623885918002;0;1;0.8912655971479501;1;0.8912655971479501;38.82775587977044;26.549929010885;15.525831625017695;Alto;1.0
28158;Valdemanco;valdemanco;425;54;48;25;18;0.12705882352941175;0.11294117647058824;0.03058823529411765;0.011325648471786177;1097.0;0.13914849428868115;44.59;37.15846994535519;18152.0;4.19;186.87;86.59981768459434;13.684210526315791;80.56;0.0;0.0;17.79;6;0;5.469462169553328;3;2.734731084776664;0;1;0.9115770282588879;1;0.9115770282588879;49.57394320152093;61.66385609893199;25.601066755968073;Alto;1.0
28159;Valdemaqueda;valdemaqueda;435;38;49;18;16;0.08735632183908046;0.11264367816091954;-0.020689655172413793;0.0021117916031537344;870.0;0.1225806451612903;42.71;26.594301221166894;14457.0;8.28;160.92;97.70114942528737;10.588235294117647;54.0;1.0;1.1494252873563218;51.79;10;0;11.494252873563218;6;6.896551724137931;0;0;0.0;10;11.494252873563218;51.52146415096653;16.798609770225912;27.66989868573846;Alto;1.0
28160;Valdemorillo;valdemorillo;7609;874;786;427;341;0.11486397686949665;0.10329872519384939;0.022867656722302537;0.019643649451385938;14420.0;0.12903225806451624;49.35;46.119216340141726;22131.0;4.04;229.54;110.95700416088766;28.3125;128.68;79.0;5.478502080443828;93.8;55;0;3.8141470180305133;18;1.2482662968099862;0;4;0.27739251040221913;1449;100.48543689320388;32.422472942939834;153.7313432835821;12.301412409179608;Medio;0.5
28161;Valdemoro;valdemoro;33327;3408;3124;1591;1502;0.1022594292915654;0.09373781018393494;0.011192126504035766;0.010967593217940863;85972.0;0.11261809240326137;54.71;36.58452425453604;18637.0;4.33;490.33;80.4796910622063;15.377944789709497;92.89;504.0;5.862373796119667;64.15;158;1;1.8378076583073557;79;0.9189038291536779;0;17;0.19773879867863955;372;4.3269901828502295;26.234214211241127;1340.1714731098984;1.549346223707087;Bajo;0.0
28162;Valdeolmos-Alalpardo;valdeolmos alalpardo;2295;219;213;111;101;0.09542483660130718;0.09281045751633987;0.006971677559912854;0.007058286349194592;4626.0;0.09310018903591688;54.33;44.88697524219591;22613.0;3.0;218.33;100.51880674448768;19.56989247311828;81.38;3.0;0.648508430609598;25.85;15;0;3.2425421530479897;9;1.9455252918287937;0;0;0.0;28;6.052745352356247;31.815194907178498;178.95551257253385;15.246706276284712;Medio;0.5
28163;Valdepiélagos;valdepielagos;343;28;29;8;7;0.08163265306122448;0.08454810495626822;0.0;0.0060954505405411445;612.0;-0.0032573289902280145;45.37;34.11978221415608;16641.0;5.72;277.78;109.47712418300654;16.417910447761194;75.6;0.0;0.0;17.66;1;0;1.6339869281045751;3;4.901960784313726;0;1;1.6339869281045751;8;13.071895424836601;43.27493713100991;34.65458663646659;25.605766848417595;Alto;1.0
28164;Valdetorres de Jarama;valdetorres de jarama;2062;232;212;103;88;0.11251212415130941;0.10281280310378274;0.01697381183317168;0.012184827377096839;5175.0;0.12966601178781922;49.95;31.601930590668815;18568.0;5.57;194.2;84.2512077294686;18.34862385321101;116.57;4.0;0.7729468599033816;35.07;18;0;3.4782608695652177;8;1.5458937198067633;0;3;0.5797101449275363;40;7.729468599033816;34.46661777047446;147.56201881950386;16.81724417767056;Medio;0.5
28165;Valdilecha;valdilecha;1312;129;124;53;39;0.09832317073170732;0.09451219512195122;0.014481707317073171;0.01009102833310008;3289.0;0.1029510395707578;54.9;22.156573116691288;14121.0;5.23;194.59;83.91608391608392;9.782608695652174;71.17;2.0;0.6080875646093038;42.57;4;0;1.2161751292186076;6;1.8242626938279112;0;0;0.0;6;1.8242626938279112;36.55530535516964;77.2609819121447;12.265330865444158;Medio;0.5
28166;Valverde de Alcalá;valverde de alcala;168;9;12;12;10;0.05357142857142857;0.07142857142857142;-0.005952380952380952;0.006126722853993888;565.0;0.13453815261044166;47.44;22.474226804123713;18049.0;3.72;88.5;58.4070796460177;6.0606060606060606;87.88;0.0;0.0;13.74;2;0;3.5398230088495577;0;0.0;0;0;0.0;12;21.238938053097346;34.18432575562281;41.12081513828239;10.860440116099983;Alto;1.0
28167;Velilla de San Antonio;velilla de san antonio;6016;592;570;309;280;0.09840425531914894;0.09474734042553191;0.008477393617021276;0.008152900619918427;14468.0;0.16865912762520185;56.86;33.65977205571971;18914.0;4.38;1085.5;84.32402543544373;15.081967213114755;100.85;68.0;4.700027647221455;14.37;19;0;1.3132430190765827;20;1.3823610727121924;0;6;0.4147083218136577;60;4.1470832181365775;20.19353350709408;1006.8197633959638;4.841005709352631;Medio;0.5
28168;Vellón (El);el vellon;747;69;86;36;37;0.09236947791164658;0.11512717536813923;-0.024096385542168676;-0.0014497419441117396;2281.0;0.1382235528942115;50.51;36.37837837837838;16915.0;6.09;83.3;57.86935554581324;19.696969696969695;69.35;1.0;0.43840420868040336;33.49;14;0;6.137658921525646;7;3.068829460762823;0;2;0.8768084173608067;8;3.507233669443227;40.91333989519613;68.10988354732756;22.7748308239809;Alto;1.0
28169;Venturada;venturada;1925;195;149;146;113;0.1012987012987013;0.0774025974025974;0.04103896103896104;0.023925012814285083;2622.0;0.17001338688085665;47.09;57.408246488445855;29375.0;2.94;261.25;163.23417238749047;25.233644859813083;133.17;92.0;35.08771929824561;10.22;8;0;3.051106025934401;9;3.432494279176201;0;2;0.7627765064836003;23;8.771929824561402;42.77006386025329;256.55577299412914;21.296896539090543;Medio;0.5
28170;Villaconejos;villaconejos;1819;175;192;82;78;0.09620670698185817;0.10555250137438153;-0.007146783947223749;0.00028232025570004287;3569.0;0.04295733489187614;50.77;16.070831941196122;13535.0;6.16;169.52;97.78649481647521;6.59025787965616;71.71;11.0;3.0820958251611095;33.27;7;0;1.961333706920706;1;0.2801905295601009;0;2;0.5603810591202018;5;1.4009526478005045;37.99160791374326;107.27382025849113;10.761689665471984;Medio;0.5
28171;Villa del Prado;villa del prado;3043;316;343;169;131;0.10384488991127178;0.1127177127834374;0.003614853762734144;0.005005650928028946;7743.0;0.1624380723615073;53.36;20.61675409314894;14740.0;5.17;238.93;78.90998321064187;9.00163666121113;74.74;6.0;0.7748934521503293;77.27;21;0;2.7121270825261523;9;1.162340178225494;0;3;0.38744672607516467;11;1.420637995608937;53.55559248015251;100.20706613174583;36.55801571710442;Medio;0.5
28172;Villalbilla;villalbilla;6210;755;687;384;303;0.1215780998389694;0.1106280193236715;0.023993558776167472;0.01994719264190446;18687.0;0.29842968315730967;60.14;47.53366357357148;23382.0;3.09;181.41;72.13570931663723;21.068249258160236;120.8;36.0;1.9264729491090062;34.7;80;0;4.281050998020014;31;1.6589072617327554;0;5;0.26756568737625086;365;19.532295178466313;32.177718800399376;538.5302593659942;6.220205317492823;Medio;0.5
28173;Villamanrique de Tajo;villamanrique de tajo;383;24;29;15;11;0.06266318537859007;0.07571801566579635;-0.0026109660574412533;0.005565715437635844;859.0;0.2149929278642151;47.16;18.792866941015088;13962.0;7.57;133.88;88.47497089639116;5.263157894736842;50.14;1.0;1.1641443538998835;29.58;4;0;4.656577415599534;2;2.328288707799767;0;0;0.0;3;3.492433061699651;54.106893840250606;29.039891818796487;30.39811549091773;Alto;1.0
28174;Villamanta;villamanta;1376;105;124;63;60;0.07630813953488372;0.09011627906976744;-0.011627906976744186;-0.000578180231197557;2899.0;0.11285988483685228;49.61;23.972039473684212;15491.0;5.55;188.0;91.06588478785788;12.878787878787879;79.24;3.0;1.0348395998620215;63.23;11;0;3.794411866160745;2;0.6898930665746809;0;2;0.6898930665746809;92;31.73508106243532;38.09346421239935;45.8484896409932;20.758948981238884;Medio;0.5
28175;Villamantilla;villamantilla;601;74;73;29;27;0.12312811980033278;0.12146422628951747;0.004991680532445923;0.006651714671694841;1660.0;0.12010796221322528;52.75;39.577039274924466;18249.0;5.6;174.7;70.48192771084337;17.094017094017094;80.08;6.0;3.6144578313253013;23.92;5;0;3.0120481927710845;6;3.6144578313253013;0;2;1.2048192771084338;224;134.93975903614458;38.28151025500033;69.39799331103679;21.634883900228335;Alto;1.0
28176;Villanueva de la Cañada;villanueva de la canada;14455;1796;1564;762;715;0.12424766516776202;0.10819785541335178;0.019301279833967486;0.01784825212226364;24028.0;0.08650237395432958;55.43;53.82668556387933;28352.0;2.74;406.82;127.22656900283002;26.594700686947988;173.35;53.0;2.2057599467288163;34.77;95;0;3.953720659230897;34;1.415015814882637;0;7;0.2913267854170135;225;9.364075245546863;24.146486380805207;691.0555076215128;8.227799973085887;Bajo;0.0
28177;Villanueva del Pardillo;villanueva del pardillo;8772;1040;957;450;431;0.11855905152758778;0.10909712722298222;0.011627906976744186;0.010810123856530593;18466.0;0.061508392733961914;54.33;50.04345210241327;24139.0;3.22;240.44;99.53427921585617;26.22415669205658;86.24;331.0;17.924834831582366;25.43;29;0;1.5704538069966425;23;1.2455323296869922;0;3;0.16246073865482508;39;2.1119896025127263;23.89647456961819;726.1502162799843;8.124245840327996;Medio;0.5
28178;Villanueva de Perales;villanueva de perales;800;69;72;30;37;0.08625;0.09;-0.0125;0.001471356183569245;1715.0;0.07726130653266328;50.57;32.32669869595058;16617.0;5.54;177.84;90.37900874635568;12.903225806451612;90.88;2.0;1.1661807580174928;31.43;8;0;4.664723032069971;7;4.081632653061225;0;2;1.1661807580174928;367;213.9941690962099;33.20992931732425;54.56570155902004;16.32461090411471;Alto;1.0
28179;Villar del Olmo;villar del olmo;1234;143;136;89;70;0.11588330632090761;0.11021069692058347;0.02106969205834684;0.012525257845442003;2341.0;0.12602212602212592;49.46;38.61436576668365;20180.0;4.91;224.26;113.19948739854763;19.622641509433965;81.62;4.0;1.7086715079026058;27.78;1;0;0.42716787697565145;4;1.7086715079026058;0;0;0.0;21;8.97052541648868;40.39215944034738;84.26925845932325;17.83936148929859;Alto;1.0
28180;Villarejo de Salvanés;villarejo de salvanes;3409;288;285;169;158;0.08448225286007627;0.0836022293927838;0.004106776180698152;0.00522298099136006;8042.0;0.08193192519843939;52.25;22.376060741402412;14972.0;5.96;284.13;86.5456354140761;10.488505747126437;70.34;17.0;2.1139020144242724;119.0;19;0;2.3625963690624223;22;2.735637901019647;0;4;0.49738870927629947;19;2.3625963690624223;48.838577475886304;67.5798319327731;24.592437036830994;Medio;0.5
28181;Villaviciosa de Odón;villaviciosa de odon;19670;2061;1943;973;907;0.10477885104219624;0.09877986781901373;0.009354346720894764;0.00915499421527936;30127.0;0.07030694898394207;49.75;49.387627740073334;29305.0;2.61;451.59;134.03259534636706;24.46755819712729;191.66;210.0;6.970491585620872;68.19;97;0;3.2197032562153547;87;2.887775085471504;0;12;0.3983138048926212;535;17.75815713479603;20.771556017233962;441.8096495087256;5.69808853346024;Bajo;0.0
28182;Villavieja del Lozoya;villavieja del lozoya;161;16;11;14;14;0.09937888198757763;0.06832298136645963;0.031055900621118012;0.008969096823880038;332.0;0.26717557251908386;47.16;40.909090909090914;21406.0;3.92;180.72;117.46987951807229;10.256410256410255;61.12;0.0;0.0;23.3;4;0;12.048192771084338;4;12.048192771084338;0;1;3.0120481927710845;11;33.13253012048193;67.83274147821183;14.24892703862661;31.778022114477306;Alto;1.0
28183;Zarzalejo;zarzalejo;862;105;81;50;34;0.12180974477958237;0.09396751740139211;0.04640371229698376;0.019125680879932425;1946.0;0.12226066897347176;46.05;37.37244897959184;15464.0;6.37;220.97;104.31654676258994;13.793103448275861;57.45;2.0;1.027749229188078;20.18;14;0;7.194244604316547;8;4.110996916752312;0;2;1.027749229188078;105;53.956834532374096;42.732830246645506;96.43211100099109;17.02680269941075;Alto;1.0
28901;Lozoyuela-Navas-Sieteiglesias;lozoyuela navas sieteiglesias;857;67;61;50;47;0.07817969661610269;0.07117852975495916;0.010501750291715286;0.008174450690137832;1468.0;0.09552238805970159;46.1;33.25471698113208;16046.0;4.77;320.16;116.4850136239782;16.95906432748538;75.04;3.0;2.0435967302452314;51.43;18;0;12.26158038147139;6;4.087193460490463;0;2;1.3623978201634876;10;6.8119891008174385;55.89130424528845;28.5436515652343;30.786302364110664;Alto;1.0
28902;Puentes Viejas;puentes viejas;347;38;50;28;21;0.10951008645533142;0.1440922190201729;-0.01440922190201729;0.00392227502057481;759.0;0.0858369098712446;43.96;40.09077155824508;18866.0;3.16;125.16;81.68642951251647;12.903225806451612;62.43;6.0;7.905138339920948;58.54;13;0;17.127799736495387;8;10.540184453227932;0;5;6.587615283267457;7;9.22266139657444;63.46733522329412;12.96549367953536;38.16699140090338;Alto;1.0
28903;Tres Cantos;tres cantos;26566;2976;2891;1269;1199;0.11202288639614545;0.1088233079876534;0.0058345253331325755;0.005925775466950649;54592.0;0.1296610520216861;54.06;64.63164073965365;30280.0;2.62;762.47;98.8606389214537;26.08856772280897;146.34;971.0;17.786488862837043;37.96;150;1;2.7476553341148886;107;1.9599941383352872;0;14;0.2564478311840563;541;9.909876905041031;21.661334268405586;1438.145416227608;1.6782673911616417;Bajo;0.0
