ine5;dist_ferro_km;dist_cercanias_km;paradas_bus_km2;paradas_total_km2;paradas_ferro;paradas_por_1000hab
28001;40.867159558179594;40.867159558179594;0.1372369624885636;0.1372369624885636;0;42.85714285714285
28002;7.471237456258067;7.471237456258067;0.9090909090909091;0.9090909090909091;0;3.697617091207889
28003;14.553718681268451;14.553718681268451;0.11673151750972763;0.11673151750972763;0;11.235955056179774
28004;13.491991123525022;13.917894203292203;1.1363636363636365;1.1363636363636365;0;2.3598263167830846
28005;0.6769756237850245;0.6769756237850245;3.812982296867907;3.847026781661371;3;1.66824140781859
28006;0.5467587184803724;1.397372244645876;5.351614329942503;5.484298982750995;6;2.0106695205201794
28007;1.0322482940910669;1.0341598857757777;6.789755807027993;7.117331745086362;11;1.3601261104376874
28008;29.11113542960889;29.11113542960889;0.2516453735965931;0.2516453735965931;0;3.711104767342278
28009;8.743194725984333;11.2295626129316;1.0789473684210527;1.0789473684210527;0;1.9390843738176315
28010;1.2716897495182498;1.2716897495182498;1.9747235387045814;2.132701421800948;2;1.721280122402142
28011;22.69297866996363;22.69297866996363;0.31007751937984496;0.31007751937984496;0;10.92896174863388
28012;6.584197077098732;6.584197077098732;0.04631773969430292;0.04631773969430292;0;0.7072135785007072
28013;6.821872382283937;6.821872382283937;0.7248293741071902;0.7301200994656368;1;2.189086294416244
28014;1.2663228329694844;17.416520305928948;2.043359082980314;2.068278096187391;2;2.7474800973203792
28015;5.3417147350915535;6.313405169763717;5.050505050505051;5.050505050505051;0;2.757715036112935
28016;40.643404402304114;40.643404402304114;0.035174111853675694;0.035174111853675694;0;9.09090909090909
28017;9.066391103603284;9.066391103603284;0.7490636704119851;0.7490636704119851;0;8.097165991902834
28018;8.469033417345855;8.469033417345855;0.5398110661268556;0.5398110661268556;0;2.374944337242096
28019;20.8269868600684;23.644411524784605;0.1661819692563357;0.1661819692563357;0;2.046035805626598
28020;40.410197726664705;40.410197726664705;0.27359781121751026;0.27359781121751026;0;16.528925619834713
28021;32.09803960335887;32.09803960335887;0.21126760563380284;0.21126760563380284;0;7.547169811320755
28022;1.6438020947513152;7.2125853343213056;4.113056317232652;4.2817970892216834;8;3.059578893427181
28023;9.788985083664112;9.788985083664112;0.7358538442019793;0.7358538442019793;0;3.3067274800456103
28024;36.768815532649235;36.768815532649235;0.04011231448054553;0.04011231448054553;0;4.291845493562231
28025;28.630265430281426;34.561688255411354;0.0670690811535882;0.0670690811535882;0;5.199306759098787
28026;7.827308059393096;12.064974613729834;0.5491153142159854;0.5491153142159854;0;2.392132541862319
28027;33.87476744715236;33.87476744715236;0.3472222222222222;0.3472222222222222;0;4.424778761061947
28028;20.029374119112315;20.029374119112315;0.32068412613575625;0.32068412613575625;0;6.2717770034843205
28029;23.3052642758229;23.3052642758229;0.4344677769732078;0.4344677769732078;0;6.243496357960457
28030;27.8068008181485;27.8068008181485;0.49683830171635046;0.49683830171635046;0;3.8075458636206303
28031;46.539622563878666;46.91595545363731;0.2717391304347826;0.2717391304347826;0;3.855278766310795
28032;7.191467328130106;7.191467328130106;0.5688282138794085;0.5688282138794085;0;2.4006721882127
28033;6.6619653827586935;16.63383957260342;0.12955465587044535;0.12955465587044535;0;1.1471178663607686
28034;18.926552856272853;18.926552856272853;0.01845699520118125;0.01845699520118125;0;2.1052631578947367
28035;17.971294710743546;27.969522095115416;0.3778337531486146;0.3778337531486146;0;7.343941248470013
28036;8.301393814757049;9.244532278382676;2.0637898686679175;2.0637898686679175;0;2.544529262086514
28037;54.08765338027417;54.08765338027417;0.17582417582417584;0.17582417582417584;0;5.5762081784386615
28038;2.385112117349236;2.385112117349236;1.3715405339211364;1.42052412441832;2;7.462686567164179
28039;36.88174697196775;36.88174697196775;0.43327556325823224;0.43327556325823224;0;30.303030303030305
28040;0.8584209734315074;0.8584209734315074;0.890507994333131;0.9107468123861567;1;1.7077798861480076
28041;8.846357339112227;11.07070620625727;0.6734006734006734;0.6734006734006734;0;1.8252933507170797
28042;24.533307390140227;27.4160067963914;0.2636382072601906;0.2636382072601906;0;6.360078277886497
28043;15.102406161898195;15.102406161898195;0.13456819441146203;0.13456819441146203;0;1.8626054563383367
28044;6.68860394918499;6.68860394918499;0.6986344871387743;0.6986344871387743;0;2.282157676348548
28045;3.274795939662748;3.274795939662748;0.5414570115948371;0.5469262743382192;1;1.7027073046143366
28046;0.32711558258493373;0.32711558258493373;0.7657657657657658;0.8108108108108109;1;2.331002331002331
28047;2.340981289824885;2.340981289824885;4.880952380952381;4.920634920634921;1;1.843208371733508
28048;12.117757622667094;12.117757622667094;0.07710100231303006;0.07710100231303006;0;2.403846153846154
28049;0.47404910402173717;0.7715195326221199;12.229617304492512;12.728785357737106;6;1.900337837837838
28050;7.212704411961761;7.212704411961761;1.3188518231186965;1.3188518231186965;0;2.348715114672561
28051;26.347428666408383;28.20988968006417;0.03913894324853229;0.03913894324853229;0;0.3696857670979667
28052;11.22521514435329;11.22521514435329;0.2677260557906555;0.2677260557906555;0;5.344827586206896
28053;9.814012605622501;9.814012605622501;0.391705069124424;0.391705069124424;0;1.579338535860275
28054;8.526526568091366;8.526526568091366;0.6105538595726122;0.6105538595726122;0;2.4459845087647776
28055;33.694958246688095;42.7133456206948;0.11373688866422343;0.11373688866422343;0;6.109979633401222
28056;21.722574865873746;21.722574865873746;0.5645730416372619;0.5645730416372619;0;8.49707912904939
28057;12.515201372728594;12.515201372728594;0.5669291338582677;0.5669291338582677;0;7.028504490433424
28058;0.17974953145829917;0.17974953145829917;4.4065206316861945;4.5848191543555785;7;0.9469896252025504
28059;11.789384591460728;14.207708749849477;0.6334841628959277;0.6334841628959277;0;2.8328611898017
28060;32.55513964412183;38.78454992016695;0.1163177135260884;0.1163177135260884;0;2.951096121416526
28061;2.490483540749615;2.490483540749615;1.3652400674950147;1.3805798435342844;1;2.4484465966592306
28062;26.44095942252746;26.44095942252746;0.3223406893131664;0.3223406893131664;0;29.478458049886623
28063;27.168614041972717;27.168614041972717;0.49627791563275436;0.49627791563275436;0;30.303030303030305
28064;34.079962212434246;34.079962212434246;0.09965122072745392;0.09965122072745392;0;7.936507936507936
28065;2.994893904197218;2.994893904197218;4.263171290404683;4.428607788241282;13;1.8008880240946397
28066;4.361395531199746;4.361395531199746;1.579871269748391;1.579871269748391;0;2.500231502916937
28067;15.742473547915392;15.742473547915392;0.2157318287421175;0.2157318287421175;0;1.859001859001859
28068;4.941391567672071;4.941391567672071;0.9620430295609586;0.9620430295609586;0;3.1344389354305577
28069;50.92188337082125;50.92188337082125;0.05827505827505827;0.05827505827505827;0;11.363636363636363
28070;43.031200024951126;43.031200024951126;0.2830188679245283;0.2830188679245283;0;27.3972602739726
28071;46.328378237479754;46.328378237479754;0.04196391103650861;0.04196391103650861;0;9.615384615384617
28072;7.041797582619873;7.041797582619873;0.729765590446705;0.729765590446705;0;3.544575725026853
28073;0.502340679725059;0.502340679725059;2.2369089984748345;2.2877478393492625;1;2.1951219512195124
28074;0.19022357740844026;0.19022357740844026;6.894956038870894;7.126330402591393;10;1.5735641227380015
28075;8.675536576183353;9.225178797172157;0.7671480144404332;0.7671480144404332;0;3.671309793758773
28076;21.71213495471934;21.71213495471934;0.03466805338880222;0.03466805338880222;0;3.3444816053511706
28078;41.020676270585795;41.020676270585795;0.11695906432748537;0.11695906432748537;0;14.492753623188406
28079;0.1538081700422634;1.3964134638992265;9.249731160559186;9.731160559186035;291;1.677346131581274
28080;3.638278047017256;3.638278047017256;4.704964907720302;4.730959188978425;1;2.471986417657046
28082;10.871290790897623;10.871290790897623;0.0701426233341127;0.0701426233341127;0;0.9328358208955224
28083;3.2403274474905053;3.2403274474905053;0.7441327990841443;0.7727532913566114;1;1.6957668634593643
28084;4.829478815949356;6.049171896241799;2.1193530395984386;2.1193530395984386;0;1.5170266278094933
28085;16.017440533900754;16.017440533900754;0.19500088636766533;0.19500088636766533;0;1.4965986394557824
28086;15.993318839897483;16.660223964029434;0.1394700139470014;0.1394700139470014;0;0.7000700070007001
28087;2.689758842295319;2.689758842295319;0.9394572025052192;0.9916492693110647;1;3.97406400334658
28088;48.48156679642771;48.48156679642771;0.09322560596643878;0.09322560596643878;0;7.425742574257425
28089;4.363831528282456;4.363831528282456;1.0587102983638113;1.0587102983638113;0;5.913978494623656
28090;6.68798547480414;6.68798547480414;0.4820936639118457;0.4820936639118457;0;1.421608448415922
28091;8.04875910532029;15.947227338346615;0.684477809671009;0.684477809671009;0;3.6917946885792543
28092;1.352644089341272;1.5043075009622673;6.197057512260366;6.353098528756131;7;1.3267106420813997
28093;3.9267421055483007;3.9267421055483007;0.5816066884769174;0.5816066884769174;0;4.832376925400181
28094;20.85875772954564;20.85875772954564;0.7389162561576355;0.7389162561576355;0;5.31600708800945
28095;19.523099740039132;20.938972396469847;0.06599788806758183;0.06599788806758183;0;1.577784790154623
28096;12.140804046188272;12.140804046188272;0.7537439254190221;0.7537439254190221;0;2.280159611172782
28097;28.406808831985224;28.406808831985224;0.1756234632946962;0.1756234632946962;0;30.67484662576687
28099;31.288459424496402;33.51227871828092;0.1187883587408434;0.1187883587408434;0;1.7543859649122808
28100;15.8729944195511;15.8729944195511;1.5920398009950247;1.5920398009950247;0;4.307443801319154
28101;18.72604558157055;18.72604558157055;0.24213075060532688;0.24213075060532688;0;9.324009324009324
28102;20.1870386148176;25.74600278096732;0.18726591760299627;0.18726591760299627;0;2.612671456564337
28104;6.329993164358027;6.336219137975287;2.3298309730470534;2.3298309730470534;0;3.688969258589512
28106;0.16645300033410348;1.1409346114855232;5.566680016019223;6.367641169403284;20;1.156607575415906
28107;36.04982346496435;36.04982346496435;0.3421727972626176;0.3421727972626176;0;19.448946515397083
28108;16.67538076838874;16.67538076838874;0.77111812127585;0.77111812127585;0;3.330305782621859
28109;36.39956321147776;37.988065086082024;0.9247027741083222;0.9247027741083222;0;2.190923317683881
28110;11.7637304633298;23.15005828789278;0.2037905033625433;0.2037905033625433;0;3.067484662576687
28111;17.203817218546927;17.203817218546927;0.09596928982725528;0.09596928982725528;0;3.968253968253968
28112;17.067182024342735;17.067182024342735;0.11787819253438114;0.11787819253438114;0;15.0
28113;1.6079462421068695;1.6079462421068695;1.3875443691513392;1.4036786060019362;1;1.535718698699052
28114;38.41464109824686;38.41464109824686;0.32894736842105265;0.32894736842105265;0;32.786885245901644
28115;0.5701112600401016;2.3561328520750386;7.16106604866744;7.555040556199305;17;3.631502729196836
28116;13.40274637700313;14.982499366384278;0.16175994823681655;0.16175994823681655;0;3.840245775729647
28117;45.26503621759144;45.26503621759144;0.08888888888888889;0.08888888888888889;0;13.6986301369863
28118;45.9394508434807;45.9394508434807;0.01763979537837361;0.01763979537837361;0;10.20408163265306
28119;13.374277233930336;17.99886285199221;0.3115264797507788;0.3115264797507788;0;1.9782393669634024
28120;7.427717392604549;7.427717392604549;0.08037508372404555;0.08037508372404555;0;7.042253521126761
28121;24.43840786664976;24.43840786664976;0.07674597083653109;0.07674597083653109;0;3.472222222222222
28122;16.744901881952547;16.744901881952547;0.49751243781094534;0.49751243781094534;0;17.679558011049725
28123;0.34194199747256365;8.622033048256645;3.0999703352121033;3.144467517057253;3;2.0552991817582504
28124;39.947594326865854;39.947594326865854;0.3330161750713606;0.3330161750713606;0;59.32203389830509
28125;25.601473548392786;25.601473548392786;0.3505045140732873;0.3505045140732873;0;6.849315068493151
28126;45.0295508359033;45.0295508359033;0.217983651226158;0.217983651226158;0;50.63291139240506
28127;0.8323557632755567;0.8323557632755567;4.2889003259564245;4.340367129867902;3;2.554600805759464
28128;53.22947192874746;53.8780283098281;0.2707275803722504;0.2707275803722504;0;13.81692573402418
28129;12.015884043980527;12.015884043980527;0.36620455139942454;0.36620455139942454;0;1.0126582278481011
28130;2.0963471848420814;2.0963471848420814;2.2914521112255404;2.368692070030896;3;2.3554110448296166
28131;9.176492023762012;9.176492023762012;1.010996807378503;1.010996807378503;0;3.020347604917338
28132;10.084405149745866;10.199803745066243;0.456751355980588;0.456751355980588;0;2.284626368396001
28133;39.54965004227805;41.20823486614071;0.07730630475863254;0.07730630475863254;0;0.9652509652509652
28134;1.9666211057524925;4.362715383590788;2.8750211398613224;2.925756807035346;3;1.7836522599802047
28135;19.125259163479505;19.125259163479505;0.2775574940523394;0.2775574940523394;0;13.257575757575758
28136;9.47756349997934;9.47756349997934;0.10630758327427357;0.10630758327427357;0;2.967359050445104
28137;4.38470489719673;4.38470489719673;0.0861573808156232;0.0861573808156232;0;1.0463899546564353
28138;37.42256360944825;37.42256360944825;0.7246376811594204;0.7246376811594204;0;36.36363636363636
28140;7.757779530606471;7.757779530606471;1.3544018058690745;1.3544018058690745;0;3.854389721627409
28141;12.9139500987734;13.516186255516898;0.7278608976951071;0.7278608976951071;0;1.836359926545603
28143;48.646456200865295;48.646456200865295;0.09803921568627452;0.09803921568627452;0;21.505376344086024
28144;11.4484431319239;11.4484431319239;0.5367561260210035;0.5367561260210035;0;2.4468085106382977
28145;22.157660666451413;24.405913474077938;0.20784619381657574;0.20784619381657574;0;1.7364879531148252
28146;14.62841168658514;27.475367802420905;0.3009781790820166;0.3009781790820166;0;2.6990553306342777
28147;4.441509846842514;4.441509846842514;0.19782393669634027;0.19782393669634027;0;1.4398848092152627
28148;1.7775339826302008;1.7775339826302008;5.006180469715699;5.067985166872682;2;1.1426501121747974
28149;3.9240977503804997;4.856644677774078;1.6741071428571428;1.6741071428571428;0;1.4080540692762602
28150;5.287855169271893;7.425012926299722;0.19171779141104295;0.19171779141104295;0;2.0408163265306123
28151;27.594281851777865;27.594281851777865;0.16256386437529027;0.16256386437529027;0;1.3776815587482778
28152;2.573462844219497;2.573462844219497;5.627306273062731;5.673431734317343;1;4.83623638579798
28153;31.302379858262697;31.302379858262697;0.3711558854718982;0.3711558854718982;0;6.050129645635264
28154;8.107903458841617;8.107903458841617;0.5077313639510732;0.5077313639510732;0;2.811860940695297
28155;24.126297825929598;35.23076022935044;0.12539184952978058;0.12539184952978058;0;12.1580547112462
28156;9.90907051176433;9.90907051176433;0.10689470871191875;0.10689470871191875;0;1.0548523206751057
28157;15.525831625017695;20.3606548133346;0.14197823000473261;0.14197823000473261;0;5.347593582887701
28158;25.601066755968073;25.601066755968073;0.3372681281618887;0.3372681281618887;0;5.469462169553328
28159;27.66989868573846;27.66989868573846;0.19308746862328635;0.19308746862328635;0;11.494252873563218
28160;12.301412409179608;12.301412409179608;0.5863539445628998;0.5863539445628998;0;3.814147018030513
28161;1.549346223707087;1.549346223707087;2.447388932190179;2.4629773967264224;1;1.837807658307356
28162;15.246706276284712;17.732605458407466;0.5802707930367504;0.5802707930367504;0;3.2425421530479897
28163;25.605766848417595;27.677215431279812;0.056625141562853906;0.056625141562853906;0;1.6339869281045751
28164;16.81724417767056;19.124040855080093;0.5132591958939264;0.5132591958939264;0;3.4782608695652177
28165;12.265330865444158;21.92755905056481;0.09396288466055908;0.09396288466055908;0;1.2161751292186076
28166;10.860440116099983;10.860440116099983;0.14556040756914118;0.14556040756914118;0;3.5398230088495577
28167;4.841005709352631;9.815254824034385;1.3221990257480865;1.3221990257480865;0;1.3132430190765827
28168;22.7748308239809;22.7748308239809;0.41803523439832785;0.41803523439832785;0;6.137658921525646
28169;21.296896539090543;21.296896539090543;0.7827788649706457;0.7827788649706457;0;3.051106025934401
28170;10.761689665471984;10.761689665471984;0.21039975954313192;0.21039975954313192;0;1.961333706920706
28171;36.55801571710442;36.55801571710442;0.27177429791639707;0.27177429791639707;0;2.7121270825261523
28172;6.220205317492823;6.220205317492823;2.3054755043227666;2.3054755043227666;0;4.281050998020014
28173;30.39811549091773;31.855341084302438;0.1352265043948614;0.1352265043948614;0;4.656577415599534
28174;20.758948981238884;20.758948981238884;0.1739680531393326;0.1739680531393326;0;3.794411866160745
28175;21.634883900228335;22.254744648158795;0.20903010033444813;0.20903010033444813;0;3.0120481927710845
28176;8.227799973085887;11.19259066485804;2.73224043715847;2.73224043715847;0;3.953720659230897
28177;8.124245840327996;8.124245840327996;1.1403853716083365;1.1403853716083365;0;1.5704538069966425
28178;16.32461090411471;18.28745477900329;0.2545338848234171;0.2545338848234171;0;4.664723032069971
28179;17.83936148929859;20.40913722665071;0.03599712023038157;0.03599712023038157;0;0.4271678769756514
28180;24.592437036830994;29.29347488705535;0.15966386554621848;0.15966386554621848;0;2.3625963690624223
28181;5.69808853346024;5.69808853346024;1.4224959671506086;1.4224959671506086;0;3.2197032562153547
28182;31.778022114477306;31.778022114477306;0.17167381974248927;0.17167381974248927;0;12.048192771084338
28183;17.02680269941075;17.02680269941075;0.6937561942517344;0.6937561942517344;0;7.194244604316547
28901;30.786302364110664;30.786302364110664;0.349990278047832;0.349990278047832;0;12.26158038147139
28902;38.16699140090338;38.16699140090338;0.22207037922787837;0.22207037922787837;0;17.127799736495387
28903;1.6782673911616417;1.6782673911616417;3.9251844046364592;3.9515279241306636;1;2.7476553341148886
