variable;fase;descripcion;spearman_simple;spearman_parcial;cv_spearman;delta_spearman;delta_spearman_sd;reps_mejora;delta_precision_tercio;supera_ruido
densidad_hab_km2;cribado;Densidad (hab./km²);0.19859812106375407;0.1910014809993065;0.4860125959868601;0.09488795430293141;0.01953053996984357;5;0.11333333333333333;True
poblacion;cribado;Población;0.1749503980449249;;0.4678111857384972;0.07668654405456868;0.012278601402989218;5;0.07;True
nivel_ayudas_num;cribado;Nivel de ayudas (por población);-0.16331691556586145;-0.004258525619956126;0.462938505638901;0.07181386395497247;0.008674196819852407;5;0.08000000000000002;True
up_por_1000hab;cribado;Unidades productivas por 1.000 hab. [FUGA: stock al final del periodo];0.035875546628167304;0.04241051774547354;0.4281986901847551;0.03707404850082646;0.015023079241335141;5;0.06;True
afiliados_por_1000hab;cribado;Afiliados a la Seg. Social por 1.000 hab.;-0.04644931940801342;-0.11610333449387628;0.42713493607850517;0.03601029439457663;0.011953468573295451;5;0.06333333333333337;True
pct_menores_45;cribado;% población menor de 45 años;0.16718452818437576;0.1680776646316215;0.4214671604628292;0.030342518778900672;0.012238623724475092;5;0.03666666666666668;True
sanidad_por_1000hab;cribado;Sanidad (OSM) por 1.000 hab.;-0.059014686860813056;-0.026115194562366665;0.4196313267633335;0.028506685079404914;0.018844821700610307;4;0.03333333333333336;True
paro_por_100hab;cribado;Paro registrado por 100 hab.;-0.07769365090081812;-0.0532298129595776;0.41350365116230414;0.0223790094783755;0.012927002588164491;5;0.03333333333333335;True
uu_oficinas_por_1000hab;cribado;Oficinas (Catastro) por 1.000 hab.;-0.04062648984600777;-0.1970097149902803;0.4032172075408532;0.012092565856924675;0.008545540872183661;5;0.006666666666666687;True
dist_ferro_km;cribado;Distancia a la estación ferroviaria (km);-0.09103634423451133;-0.007638373468617872;0.4029313916263888;0.011806749942460181;0.005932685453092931;5;0.030000000000000006;True
paradas_por_1000hab;cribado;Paradas de transporte por 1.000 hab.;-0.09226669819153555;0.01530497761650483;0.39938945033791556;0.00826480865398701;0.012780457140654579;3;0.01000000000000002;False
ruido_2;cribado;control: ruido aleatorio;0.008660264055405603;0.008051761193442898;0.39556838867616595;0.0044437469922373515;0.018344694425227764;3;-0.0033333333333333327;False
ruido_3;cribado;control: ruido aleatorio;-0.026104241206871298;-0.03213498137761894;0.3905877429749126;-0.0005368987090159539;0.011149548531796397;3;0.013333333333333353;False
ruido_1;cribado;control: ruido aleatorio;0.005178582637624756;0.0008612432853473134;0.38458435335718616;-0.006540288326742416;0.01950913306484208;2;0.020000000000000018;False
coworking_osm;cribado;Espacios de coworking (OSM);0.022442233171966273;-0.031009398085808347;0.3844429100495888;-0.006681731634339749;0.018766531023708673;2;-0.0033333333333333214;False
amenidades_por_1000hab;cribado;Ocio y servicios (OSM) por 1.000 hab.;-0.0723718934222156;-0.05484077851630923;0.37985604586445715;-0.01126859581947146;0.006184573897419953;1;0.003333333333333355;False
ruido_0;cribado;control: ruido aleatorio;0.04588119599104471;0.05943000099359951;0.3789998535350365;-0.012124788148892085;0.014221590397578834;1;0.016666666666666684;False
deporte_por_1000hab;cribado;Deporte (OSM) por 1.000 hab.;0.03935722804594814;0.08275471688580996;0.3758617370744669;-0.015262904609461636;0.018167771866651795;0;-0.009999999999999998;False
ruido_4;cribado;control: ruido aleatorio;-0.04008746050676877;-0.06342574074190167;0.36602598706923606;-0.025098654614692507;0.010919374152256476;0;-0.006666666666666654;False
