ine5;intercepto;dist_sol_km;pct_estudios_superiores;paradas_ferro;vc_residencial_por_uu;rdb_per_capita;pct_up_servicios_prof;crec_pob_5a;dist_sol_km & pct_up_servicios_prof;dist_sol_km & crec_pob_5a;pct_estudios_superiores & crec_pob_5a;vc_residencial_por_uu & crec_pob_5a;rdb_per_capita & crec_pob_5a;nombre_iecm
28022;0.00867249003997429;-0.0016208058269077381;0.003524039904707859;0.0019001510287337902;0.004627207630517844;-0.002888546249211285;0.0016197161808667868;0.0020129031067710047;0.00013889851697500847;0.0008878219442636525;0.0002929182009249597;0.001092094487131374;0.00046134746272367104;Boadilla del Monte
28015;0.00867249003997429;-0.0003120268432150726;0.002727750471032436;-0.00013347436303495384;0.003639413964734681;0.0006911194167169897;0.0002316227871705872;0.0019930424199470055;0.000255377030391267;0.0005850533666529562;0.0001639707454041787;0.000694803424362758;0.00022973863858007605;Arroyomolinos
28169;0.00867249003997429;0.0016269275360751786;0.0034233305502682737;-0.00013347436303495384;0.004035456371372557;-0.0028678394728222185;5.375012396114858e-05;0.0020129031067710047;0.00025186102608391685;-6.70875280738939e-05;0.0002609374368418222;0.000900934436382954;0.0002736994920912255;Venturada
28172;0.00867249003997429;-0.00048097681006404545;0.003263905069569124;-0.00013347436303495384;0.003101125649379973;0.0005687262749523991;-0.00016356095019870527;0.0009190227089444463;-3.17914967960985e-05;0.0002520897555521797;0.0001940980221882254;0.0008502891765402243;0.0002511481028781763;Villalbilla
28160;0.00867249003997429;-0.00048097681006404545;0.00024149380281033222;-0.00013347436303495384;0.003639413964734681;0.0006911194167169897;0.0013961237553604823;0.0023950923821516312;3.0888511888949116e-05;9.73721597968766e-05;4.310889711707102e-05;8.948780911365302e-05;-2.5934640909479777e-05;Valdemorillo
28176;0.00867249003997429;-0.00015588896598153963;0.0034233305502682737;-0.00013347436303495384;0.004627207630517844;-0.0028678394728222185;0.0016197161808667868;0.0011807595830551955;0.0001991579381175893;0.00010137381609358272;3.9104442530126744e-05;-5.589972515566939e-05;-0.00015877152843415702;Villanueva de la Cañada
28046;0.00867249003997429;-2.4484875443135984e-05;0.003263905069569124;8.471349011403229e-05;0.0005616454551064207;0.0005687262749523991;0.0016197161808667868;0.001463661903130201;6.366336838533678e-05;6.90036132618328e-05;4.468730025705365e-05;-0.00017475211370882032;-0.0001393567493327793;Collado Mediano
28149;0.00867249003997429;-0.00015588896598153963;-0.0009128573923028076;-0.00013347436303495384;0.004035456371372557;0.00019798231354763586;0.0006422620815933275;0.0019930424199470055;0.00023183566573229972;0.0005078368390183429;1.218247694239759e-05;0.0007143279374354622;1.1013036732960745e-05;Torrejón de la Calzada
28123;0.00867249003997429;-0.0016208058269077381;0.003263905069569124;-0.00036819871153254786;0.004035456371372557;-0.00108737814745281;-0.00016927600550823853;0.0014125694324845343;0.0001318552173028289;0.0004738398792593473;9.523793926620723e-05;0.0004449471264467573;0.00013162635610481377;Rivas-Vaciamadrid
28045;0.00867249003997429;-0.00012176278253127191;6.605279468693245e-06;8.471349011403229e-05;0.003639413964734681;0.0006911194167169897;0.0002316227871705872;0.001439512569966596;2.3040890405327076e-05;0.0002445734776457864;8.668679737159995e-06;0.0003653466757626259;-1.8651968100949827e-05;Colmenar Viejo
28050;0.00867249003997429;-0.00012176278253127191;-0.000596120282881279;-0.00013347436303495384;0.004035456371372557;0.00019798231354763586;0.0006422620815933275;0.0020794645480730844;0.00015237952486796914;0.00020995431987209739;7.839662849913717e-05;8.9801567172504e-06;-6.4788502249833855e-06;Cubas de la Sagra
28087;0.00867249003997429;0.002208516625952609;-0.0004484647289866936;8.471349011403229e-05;0.003101125649379973;0.0002824639255050091;-0.00014499165340681641;0.00040396948788265274;0.000450161027983486;0.00016228722415870584;2.8181876740274568e-05;-0.0001665649054036131;-7.06106418687151e-05;Molinos (Los)
28903;0.00867249003997429;-0.0008551570004200159;0.003524039904707859;8.471349011403229e-05;0.003973409098752597;-0.002888546249211285;5.375012396114858e-05;0.001439512569966596;5.742314734972355e-05;0.00031809471245968255;-5.568175269328965e-05;0.00016996367951486606;-6.115509859990411e-05;Tres Cantos
28140;0.00867249003997429;-0.00012176278253127191;-0.0006978054023224144;-0.00013347436303495384;0.004035456371372557;0.00019845947292452322;0.0005843775052225513;0.001463661903130201;9.613615889844496e-05;6.236405319060913e-05;8.154852526177171e-05;-6.14425567341395e-05;-2.7373025867607952e-05;Serranillos del Valle
28018;0.00867249003997429;-0.0005667475817134165;-0.00023973464081258563;-0.00013347436303495384;0.003639413964734681;0.0005060481844047848;-0.00017108037315341013;0.0018485861959798768;1.2050312386653485e-05;-2.9821487961746447e-05;4.678597328489069e-05;0.0003891842848402686;0.0001227499828464816;Becerril de la Sierra
28017;0.00867249003997429;-0.00012176278253127191;-0.0004944325479924657;-0.00013347436303495384;0.003973409098752597;0.00023112737977519987;-0.00016927600550823853;0.001439512569966596;-2.985892400919461e-06;0.0002320068111992776;7.60927417153812e-06;0.0001817249250589799;3.561011432457512e-06;Batres
28090;0.00867249003997429;-0.0006846293976133955;0.003263905069569124;-0.00013347436303495384;0.0001554039478972675;0.0005687262749523991;-0.00014499165340681641;0.0020794645480730844;-3.7643472451865667e-05;5.193105638391128e-06;6.035596896306084e-05;-0.00015336436826959566;-9.181011171819026e-05;Moralzarzal
28023;0.00867249003997429;-0.0006864624444875721;0.003263905069569124;-0.00013347436303495384;0.0001554039478972675;0.0005687262749523991;-0.00016356095019870527;0.0014619661720241383;-9.578933670909215e-06;-3.2129786521530424e-05;0.00013617447093407716;0.0001458027442002362;0.00015784801739423147;Boalo (El)
28152;0.00867249003997429;-0.00015588896598153963;0.003524039904707859;8.471349011403229e-05;0.004627207630517844;-0.002888546249211285;0.0013961237553604823;-0.00126051058071495;0.00017663620067571916;-5.441872526426872e-05;-0.00012966362579058227;-0.00026328684992198544;-0.00019862983402618863;Torrelodones
28183;0.00867249003997429;0.0016269275360751786;-0.00025441214539609683;-0.00013347436303495384;-0.0008512978664097624;0.00020429460941705064;0.0009151809454624104;0.0023950923821516312;0.0001702713093480034;1.7872823377559643e-05;8.640659208301189e-05;6.750655367015026e-05;1.1734486697219606e-05;Zarzalejo
28094;0.00867249003997429;0.001713190761486751;-0.00025441214539609683;-0.00013347436303495384;-0.0005406904470486151;0.00021919159431818823;0.0002316227871705872;0.002348574228519051;-5.425567695633295e-05;8.256019950355165e-06;8.207049352750354e-05;2.53186289175632e-05;2.6358700874623577e-05;Navalafuente
28099;0.00867249003997429;0.002208516625952609;-0.0005710851156659926;-0.00013347436303495384;-0.0008666241964167729;0.0005266780930591974;0.00035320521900765337;0.0018485861959798768;0.0002184091734839866;-7.927473166176491e-05;7.608413216325548e-05;-1.1442827447923945e-05;-7.05671576838707e-05;Navas del Rey
28125;0.00867249003997429;0.0018978520494781017;-0.000198288428387942;-0.00013347436303495384;-0.0012140354813673674;0.00021129209075254783;0.00022960585841691147;0.0020794645480730844;0.00032284222040992403;0.00010370858804799747;8.919964249265813e-05;5.818781870285588e-05;1.2921037941166829e-05;Robledo de Chavela
28109;0.00867249003997429;0.0011187964362849023;-0.0005252264069348101;-0.00013347436303495384;-0.0008666241964167729;0.001867155126931976;-0.00016927600550823853;0.0018183785467234892;0.0003340264278521811;-0.0001358474664963585;9.882150945760461e-05;-4.841933682715481e-05;1.048532460880481e-05;Pelayos de la Presa
28072;0.00867249003997429;-0.00013461633166939304;0.0034233305502682737;-0.00013347436303495384;-0.00013323291195230382;-0.0032265621598932077;0.0013961237553604823;0.0017497649772964356;1.249711894751515e-05;7.760568395174076e-05;2.6922014310698992e-05;-1.0969486452613272e-06;-0.0001465330362874328;Hoyo de Manzanares
28011;0.00867249003997429;0.0018978520494781017;-0.0005710851156659926;-0.00013347436303495384;-0.0005381061877772534;0.0006805076260067125;0.0005039241959580863;0.0010380118094770836;0.00017489028482739504;-0.00010697472063394623;0.00010238707471346254;-4.3823669972566266e-05;-0.00011663012112192836;Ambite
28161;0.00867249003997429;-0.00013461633166939304;-0.0003727471816782039;8.471349011403229e-05;-0.00017521667166281509;0.00021318513551274335;0.0005843775052225513;0.0022074087287434958;0.00010006587912852262;0.0002528920886746446;7.646191508385896e-05;1.72415875665538e-05;-1.8751989353272297e-06;Valdemoro
28068;0.00867249003997429;0.001713190761486751;-0.0004484647289866936;-0.00013347436303495384;0.003101125649379973;0.00023112737977519987;0.00014918027217877095;-0.0014664744298118477;-5.497870144211683e-05;0.00017940905666802187;-5.6587411311612074e-05;-0.00030175854741998863;-6.599113122925131e-05;Guadarrama
28010;0.00867249003997429;-0.0005667475817134165;0.0034233305502682737;2.72593107779486e-05;0.0013895810592084623;0.0006911194167169897;-0.0001005090316104198;-0.0016810624324602196;3.968206071288436e-05;7.863976939778309e-05;-7.120732875241968e-05;-0.00028394102700323294;-0.00016561800523141429;Alpedrete
28038;0.00867249003997429;0.002208516625952609;-0.00023973464081258563;2.72593107779486e-05;-0.00013323291195230382;0.00013932174424671827;0.00014918027217877095;0.00040396948788265274;0.00016530727363818352;0.00012292905915867934;-4.026194008736146e-05;-1.173625506426929e-05;-4.246550584522503e-05;Cercedilla
28085;0.00867249003997429;-2.4484875443135984e-05;-0.0004944325479924657;-0.00013347436303495384;0.0005616454551064207;0.00023112737977519987;0.00014918027217877095;0.0018485861959798768;-7.890044301301524e-05;-5.9893839825790905e-05;2.0485138091105158e-05;0.00043839811107572165;5.863824519549099e-05;Miraflores de la Sierra
28031;0.00867249003997429;0.0005482447717285364;-0.0011792388312926898;-0.00013347436303495384;-0.0005381061877772534;0.0015423036852475107;-0.0006873132706127512;0.0020794645480730844;0.00021111937354926195;2.3031279250575555e-05;5.406065963892724e-05;0.0003625347738082082;0.00023404111297760523;Cadalso de los Vidrios
28082;0.00867249003997429;-0.00024400404017740587;0.002727750471032436;-0.00013347436303495384;-0.0005406904470486151;0.0005060481844047848;-0.00017108037315341013;0.00040396948788265274;-2.3150751523664582e-05;2.2924403591931948e-05;-1.0575686110493731e-06;2.172729623514017e-05;-0.00011266949486628458;Manzanares el Real
28181;0.00867249003997429;-0.0008551570004200159;0.003134685861141092;-0.00013347436303495384;0.004627207630517844;-0.0028678394728222185;-0.0001005090316104198;-0.0009113730633626938;6.226851394653258e-05;-5.681965680461711e-05;-7.39401279056576e-05;-0.00020432005418384314;-0.00021130172653384765;Villaviciosa de Odón
28008;0.00867249003997429;0.0018978520494781017;-0.0011792388312926898;-0.00013347436303495384;-0.0011596898107695272;0.0006805076260067125;0.0005039241959580863;0.0018183785467234892;0.0002313312549651074;-8.307738645332315e-05;3.850653445906269e-05;-0.0001405618168321124;-9.145642439946213e-05;Aldea del Fresno
28159;0.00867249003997429;0.0012894946164845758;-0.0005252264069348101;-0.00013347436303495384;-0.0014208106071656968;0.0015423036852475107;-0.0006873132706127512;0.0023950923821516312;-0.00018388172816942924;-7.178314080291963e-05;6.35916725792464e-05;3.540253890448492e-05;4.965042255741354e-05;Valdemaqueda
28028;0.00867249003997429;0.002208516625952609;6.605279468693245e-06;-0.00013347436303495384;-0.0014089602057521388;0.000101736823148345;-0.00016356095019870527;0.0014125694324845343;0.0004170802786662569;-5.1227048608098316e-05;1.018306861524222e-05;-0.00015346504805650507;-4.160431388156058e-08;Bustarviejo
28096;0.00867249003997429;-0.00027946989296790396;-0.0004813528410667432;-0.00013347436303495384;-0.0003513154215476676;0.00021919159431818823;0.0006422620815933275;0.0022074087287434958;0.00012299908071894186;0.0001414278310559161;7.785772509736316e-05;2.703655313841294e-05;3.57506718505481e-05;Navalcarnero
28057;0.00867249003997429;-0.00048097681006404545;-0.0008668698644904532;-0.00013347436303495384;0.0005616454551064207;0.00019798231354763586;0.0006447386398635078;0.0022074087287434958;9.263227136131064e-05;2.8559866089121545e-05;5.030239462559411e-05;-0.00014194008868391477;-1.0004433981430515e-05;Fresno de Torote
28035;0.00867249003997429;0.0016269275360751786;-0.0010413312626140082;-0.00013347436303495384;-0.0005381061877772534;0.0015423036852475107;-0.001083365143603327;0.0020129031067710047;-0.00016675651985301686;-6.70875280738939e-05;6.505197948061639e-05;-2.970825744586433e-05;-4.34637605919589e-05;Carabaña
28100;0.00867249003997429;-0.00043800578960203685;-0.000596120282881279;-0.00013347436303495384;0.0005616454551064207;0.00021318513551274335;0.00022960585841691147;0.0018485861959798768;-2.837446423320381e-05;-4.167990164697652e-05;1.5154749918821085e-05;0.0004217252766080712;9.500267217014411e-06;Nuevo Baztán
28032;0.00867249003997429;-0.00048097681006404545;-0.0004813528410667432;-0.00013347436303495384;-0.0003513154215476676;0.00019845947292452322;0.0005072868594158873;0.002348574228519051;6.335481808998064e-05;0.00010406368883569048;7.559442921930297e-05;2.1165441853561306e-05;1.2267948490222523e-05;Camarma de Esteruelas
28115;0.00867249003997429;-0.002625535599392794;0.003524039904707859;0.0027357300229262833;0.003973409098752597;-0.002888546249211285;0.0013961237553604823;-0.003120001847747195;3.23515449075188e-05;-0.0003852379363611723;-6.896149992627862e-05;-0.0005159122249726143;-0.00021347998051549874;Pozuelo de Alarcón
28106;0.00867249003997429;-0.0008551570004200159;-0.0013814267766464902;0.00511360177136561;-0.0012140354813673674;0.001867155126931976;0.0009151809454624104;-0.003120001847747195;7.394733313138052e-05;-0.00018255723920276986;-3.0064754710090418e-05;0.00020529542857165704;0.0004001089959386056;Parla
28036;0.00867249003997429;-0.00012176278253127191;-0.0006978054023224144;-0.00013347436303495384;-0.0005406904470486151;-4.911299618448648e-05;0.00035320521900765337;0.0023950923821516312;0.0001615790994624827;0.00022330213691464348;9.286982964569639e-05;2.511036583959833e-05;2.53378322320638e-05;Casarrubuelos
28061;0.00867249003997429;-0.00023462133277693832;0.00024149380281033222;8.471349011403229e-05;0.003101125649379973;0.0003319220820315156;-0.0001005090316104198;-0.00126051058071495;-9.505736820619392e-06;-4.3254907709010186e-05;-0.00010974895135149005;-0.00027229031502352854;-0.00010263746644904009;Galapagar
28164;0.00867249003997429;-0.0006764180191368211;-0.0008961067437931311;-0.00013347436303495384;0.0013895810592084623;0.00019798231354763586;0.0002316227871705872;0.001439512569966596;-1.0701083696459392e-05;1.7440844881843163e-05;5.510572549748835e-05;1.3635836534755311e-05;-1.0671845222883484e-05;Valdetorres de Jarama
28167;0.00867249003997429;-0.0008551570004200159;-0.0008668698644904532;-0.00013347436303495384;1.300495137256993e-05;0.00019845947292452322;0.0005072868594158873;0.0020129031067710047;-4.546872726587298e-05;0.0006308216219930885;1.1558208477955182e-05;7.489635084207681e-05;2.9875744778666082e-05;Velilla de San Antonio
28179;0.00867249003997429;-0.00024400404017740587;-0.000198288428387942;-0.00013347436303495384;-0.0010071433348901005;0.00023112737977519987;0.00022960585841691147;0.0023950923821516312;-7.921910886091569e-05;-3.2753415285187133e-06;7.307769717332708e-05;1.1770272709211295e-05;8.82982529057689e-06;Villar del Olmo
28059;0.00867249003997429;-0.00023462133277693832;-0.0008668698644904532;-0.00013347436303495384;0.0005616454551064207;0.00021919159431818823;0.0002783620019788712;0.001463661903130201;8.304351195228082e-05;4.887373893653126e-05;3.515779322943415e-05;-0.00017569008303668118;1.8320139646928092e-06;Fuente el Saz de Jarama
28162;0.00867249003997429;-0.00048097681006404545;0.00024149380281033222;-0.00013347436303495384;-0.0010071433348901005;0.0006911194167169897;0.00022960585841691147;0.0017497649772964356;-2.8469781812521756e-05;5.4490804873646276e-05;6.51068864229304e-06;1.7056507838624513e-05;-0.0001235337137085018;Valdeolmos-Alalpardo
28177;0.00867249003997429;-0.0003120268432150726;0.003134685861141092;-0.00013347436303495384;-0.0005406904470486151;-0.00108737814745281;0.0016197161808667868;-0.0014664744298118477;0.00019396100114326176;-5.8238349406713666e-05;-5.9250927862311334e-05;7.479426567783919e-05;-0.0001904852618337009;Villanueva del Pardillo
28054;0.00867249003997429;-0.0005667475817134165;0.003263905069569124;-0.00013347436303495384;-0.00017521667166281509;0.0005060481844047848;5.375012396114858e-05;-0.0019849158551514903;4.9532379147041785e-05;9.028204245148646e-05;2.6223608699824902e-05;7.295819825512666e-05;-7.745656394008576e-05;Escorial (El)
28119;0.00867249003997429;-0.00027946989296790396;-0.0004484647289866936;-0.00013347436303495384;0.0001554039478972675;0.00021129209075254783;0.00014918027217877095;0.0014619661720241383;-1.5762645952465154e-05;0.00011259673481933479;-7.214021951210914e-06;-0.0001639734993330752;-5.4580646217639074e-05;Quijorna
28062;0.00867249003997429;0.0008706826597285986;-0.00023973464081258563;-0.00013347436303495384;-0.001267345020418366;0.0005060481844047848;-0.00016927600550823853;0.0020129031067710047;-0.0004246429338230772;-0.00014693280710602436;6.32064975808517e-05;-0.0002434587906228436;0.00014787707619711335;Garganta de los Montes
28127;0.00867249003997429;-0.0012335500562973708;0.003524039904707859;-0.00036819871153254786;0.004627207630517844;-0.002888546249211285;0.0013961237553604823;-0.003120001847747195;8.965095582310007e-05;-0.0002002883936521811;-0.00012858021587928335;-0.0005236925375749503;-0.00022238976391077906;Rozas de Madrid (Las)
28104;0.00867249003997429;-0.0016208058269077381;0.0034233305502682737;-0.00013347436303495384;0.003973409098752597;-0.0028678394728222185;-0.00016356095019870527;-0.00126051058071495;0.00012407868907557483;-5.87530883023093e-05;-8.256095566874085e-05;-0.0002975684065655651;-0.00021543055331566457;Paracuellos de Jarama
28083;0.00867249003997429;-0.0006764180191368211;-0.00039602972659962004;8.471349011403229e-05;1.300495137256993e-05;0.000101736823148345;0.0005072868594158873;0.0011807595830551955;4.598161499427831e-05;1.5992874994713117e-05;4.768698988540641e-05;-0.00010734249565416671;-5.003983300821973e-05;Meco
28043;0.00867249003997429;0.0016269275360751786;-0.002088782899338513;-0.00013347436303495384;-0.001267345020418366;0.0015423036852475107;-0.0009264763240699849;0.002348574228519051;-0.00021906767058865024;1.9606082097928934e-05;-0.00029981751765332577;1.561584146767438e-05;9.769126893269592e-05;Colmenar de Oreja
28067;0.00867249003997429;-0.00043800578960203685;-0.00025441214539609683;-0.00013347436303495384;-0.0007769442437909114;0.00021318513551274335;0.0006447386398635078;0.0011807595830551955;0.00013005932972582517;5.455070493724551e-05;7.036612307734024e-05;3.682720551644398e-05;-3.1898687177385685e-05;Guadalix de la Sierra
28053;0.00867249003997429;-0.00013461633166939304;6.605279468693245e-06;-0.00013347436303495384;0.003639413964734681;0.0006911194167169897;0.0002316227871705872;-0.002835841663755832;7.541401482794567e-05;-0.0001451496503377477;-5.121150637518842e-05;-0.000468430027367058;-0.00018573046893981436;Daganzo de Arriba
28110;0.00867249003997429;-0.0006764180191368211;-0.0005710851156659926;-0.00013347436303495384;-0.001391345411453446;0.0005266780930591974;0.0008272841709331452;0.0017497649772964356;3.6116996179283924e-05;1.8998133620378037e-05;7.684589423937057e-05;4.3666923705705876e-05;0.00016995371145725788;Perales de Tajuña
28055;0.00867249003997429;0.0007539410962827428;-0.002088782899338513;-0.00013347436303495384;-0.001173276023270983;0.0015423036852475107;-0.0005670287194108437;0.0020794645480730844;-4.372399808830678e-06;2.3323693573347867e-05;-0.00025984554503906686;0.00013903579836733695;0.00024761165710678756;Estremera
28093;0.00867249003997429;0.001713190761486751;6.605279468693245e-06;-0.00013347436303495384;0.0013895810592084623;-0.00108737814745281;-0.00014499165340681641;-0.0009113730633626938;0.00021255567183259714;5.446051209619589e-05;-0.00012254804107481786;-0.0002710880428369257;-0.00020473703795524724;Navacerrada
28033;0.00867249003997429;-0.00023462133277693832;-0.0005234640037043014;-0.00013347436303495384;-0.001173276023270983;5.361408429163273e-05;0.0008272841709331452;0.0011807595830551955;0.00016301120407361707;5.388890459527064e-05;0.00010655129978397246;0.0001430327394282688;1.1939023030741673e-05;Campo Real
28066;0.00867249003997429;-0.00015588896598153963;-0.0004813528410667432;-0.00013347436303495384;0.003973409098752597;0.0003319220820315156;0.0002783620019788712;-0.002835841663755832;0.00025649358837067146;-0.0001477256882766539;-1.9708108296856893e-05;-0.000499247852318389;-9.865857141707138e-05;Griñón
28175;0.00867249003997429;-0.00043800578960203685;-0.0004944325479924657;-0.00013347436303495384;-0.0011596898107695272;0.0001683210807731178;0.0001175168278723951;0.002348574228519051;3.1560822104248896e-05;-3.4795000439248564e-08;1.818503494626793e-05;5.43743698228658e-06;-5.206042275861505e-06;Villamantilla
28151;0.00867249003997429;0.002208516625952609;-0.00045916424494528603;-0.00013347436303495384;-0.001267345020418366;0.00021595945666093262;0.0008272841709331452;-0.0019849158551514903;0.00024554467528601514;0.00033890659260959056;6.375736217184875e-05;0.00031880190265446524;5.232965181694129e-05;Torrelaguna
28901;0.00867249003997429;0.0008706826597285986;-0.0008668698644904532;-0.00013347436303495384;-0.0014089602057521388;3.8822426954317524e-05;0.0002783620019788712;0.0017497649772964356;-0.00030888168903631005;3.549945397651065e-05;5.1338708115912426e-05;5.467588215346105e-05;4.671832950773589e-05;Lozoyuela-Navas-Sieteiglesias
28116;0.00867249003997429;-0.0006846293976133955;-0.0005234640037043014;-0.00013347436303495384;-0.0015565273712717209;3.8822426954317524e-05;0.0006422620815933275;0.0022074087287434958;7.51767874298122e-05;1.9190392583551443e-05;0.00010405776170675278;3.028036595626353e-05;6.110021217094979e-05;Pozuelo del Rey
28902;0.00867249003997429;0.0005482447717285364;-0.0004944325479924657;-0.00013347436303495384;-0.001173276023270983;0.00021318513551274335;0.0005039241959580863;0.0011807595830551955;-0.0005431072443848178;2.5588586548468784e-05;-6.159913831626987e-06;0.0001430327394282688;-3.1898687177385685e-05;Puentes Viejas
28013;0.00867249003997429;0.0018978520494781017;-0.0003727471816782039;8.471349011403229e-05;-0.0003513154215476676;0.00021595945666093262;0.00014918027217877095;-0.0019849158551514903;0.0001603873688086893;0.00025636256409380145;-1.2982633795548664e-05;8.203123659191067e-05;4.5647345435458136e-05;Aranjuez
28030;0.00867249003997429;0.0012894946164845758;-0.00039602972659962004;-0.00013347436303495384;-0.00017521667166281509;0.00019798231354763586;0.00035320521900765337;-0.0016810624324602196;0.0002014582588443791;0.00028098795002756894;1.146561441921217e-05;7.731274469749773e-05;-1.9695302632173424e-05;Cabrera (La)
28044;0.00867249003997429;-0.00023462133277693832;6.605279468693245e-06;-0.00013347436303495384;0.0013895810592084623;0.00023112737977519987;0.0016197161808667868;-0.0024127616151040565;2.1876356329644887e-05;-9.557035019617423e-05;-4.204077656270327e-05;-0.0003527155110228237;-8.045743589457543e-05;Colmenarejo
28133;0.00867249003997429;0.0008706826597285986;-0.0005710851156659926;-0.00013347436303495384;-0.0008666241964167729;0.0005266780930591974;0.000555665722183208;-0.00044846022438299035;-0.0005400594851264302;9.861333683882353e-05;8.65920980067097e-06;0.00020521756390137758;0.00015289204015929688;San Martín de Valdeiglesias
28144;0.00867249003997429;-0.0006864624444875721;0.003134685861141092;-0.00013347436303495384;0.003639413964734681;-0.0032265621598932077;-0.00016927600550823853;-0.0019849158551514903;-5.143985264695571e-05;-5.140205585102523e-06;-3.285532701928772e-05;-0.00041981059344876453;-0.00020724144346322886;Soto del Real
28089;0.00867249003997429;-0.0003120268432150726;-0.0008961067437931311;-0.00013347436303495384;0.003101125649379973;0.0001683210807731178;-0.001083365143603327;-0.00044846022438299035;-0.00023881644055536092;-2.276285049799399e-05;-3.7330613311907184e-05;-0.000248922680102114;-5.2947162059286556e-05;Moraleja de Enmedio
28174;0.00867249003997429;-0.0005667475817134165;-0.0011792388312926898;-0.00013347436303495384;-0.0011596898107695272;0.00020429460941705064;0.0005039241959580863;0.0022074087287434958;1.6857870167145728e-05;-1.071492743350862e-06;-0.00015911972631061402;6.711677454952793e-06;2.8557299611615192e-05;Villamanta
28111;0.00867249003997429;0.001713190761486751;-0.0005252264069348101;-0.00013347436303495384;-0.0014901920692378039;5.361408429163273e-05;-0.0013310732953547798;0.0019930424199470055;-0.00023499530072526212;-8.010107627755159e-05;7.169143759271821e-05;-0.00022844340001043108;-7.429022670400227e-05;Pezuela de las Torres
28150;0.00867249003997429;-0.00013461633166939304;-0.0005234640037043014;-0.00013347436303495384;-0.0012140354813673674;0.00021919159431818823;-0.0013231223487019349;0.002348574228519051;3.174044515679748e-05;0.0002614899231031487;0.00011580069333134048;3.1641377409891714e-05;3.452676972460108e-05;Torrejón de Velasco
28060;0.00867249003997429;0.0007539410962827428;-0.0013814267766464902;-0.00013347436303495384;-0.0014901920692378039;0.0007956818222106481;-0.001083365143603327;0.0022074087287434958;3.0930767800145135e-05;-5.245806165145028e-05;-0.00022384284632023945;4.242125795297642e-05;0.00020684512815587707;Fuentidueña de Tajo
28180;0.00867249003997429;0.002208516625952609;-0.0013177793243935867;-0.00013347436303495384;-0.001539949011585527;0.0006805076260067125;-0.0006873132706127512;0.00040396948788265274;-0.0001709692029005207;8.572386980898369e-05;-0.00018750522515320313;3.993073473536848e-05;0.00016737184406448273;Villarejo de Salvanés
28153;0.00867249003997429;0.0012894946164845758;-0.0004484647289866936;-0.00013347436303495384;-0.0011596898107695272;0.0002824639255050091;0.0001175168278723951;-0.00044846022438299035;1.1101829627008943e-05;0.00011182291810191494;-7.050132698188496e-05;8.712198022526728e-06;-7.778346642678916e-05;Torremocha de Jarama
28145;0.00867249003997429;-0.00024400404017740587;-0.0004813528410667432;-0.00013347436303495384;-0.0012140354813673674;0.00021595945666093262;-0.00016356095019870527;0.0018485861959798768;-4.9695185194933375e-05;-6.275734923836984e-05;1.327391548649179e-05;-0.00022535731295238924;-6.383116525187386e-05;Talamanca de Jarama
28019;0.00867249003997429;0.001713190761486751;-0.0011792388312926898;-0.00013347436303495384;-0.0015565273712717209;0.0005266780930591974;-0.0013231223487019349;0.0019930424199470055;-0.0002471238315133721;-7.615894164592638e-05;-0.00018654751047410964;-0.00023803339528750066;-9.479415134521849e-05;Belmonte de Tajo
28157;0.00867249003997429;-0.00043800578960203685;-0.0010413312626140082;-0.00013347436303495384;-0.0008666241964167729;0.00020429460941705064;0.00022960585841691147;0.0014619661720241383;-6.536058720633671e-05;-6.0099049139936025e-05;3.3784656050734266e-05;-4.844838254776511e-05;-9.02141891500795e-05;Valdelaguna
28171;0.00867249003997429;0.0011187964362849023;-0.0013814267766464902;-0.00013347436303495384;-0.0014089602057521388;0.0007956818222106481;-0.0009264763240699849;0.0019930424199470055;-0.00017750382534834677;-0.00013023967757627098;-0.0002835490720718405;-0.00022759233203905653;-0.00010459934001326897;Villa del Prado
28014;0.00867249003997429;-0.00013461633166939304;-0.0005234640037043014;2.72593107779486e-05;0.0001554039478972675;5.361408429163273e-05;0.0008272841709331452;-0.00126051058071495;0.0001891899853589989;-5.232938758334924e-05;2.4214567757250424e-06;-0.00018898442399243183;7.054588868729231e-07;Arganda del Rey
28004;0.00867249003997429;-0.00027946989296790396;-0.0006978054023224144;-0.00013347436303495384;-0.0008512978664097624;0.0006805076260067125;0.00035320521900765337;-0.00044846022438299035;9.170132550996265e-05;-2.718031678172647e-05;1.611141821045171e-05;0.0002019511507206981;0.0001731041838488218;Álamo (El)
28042;0.00867249003997429;-2.4484875443135984e-05;-0.00039602972659962004;-0.00013347436303495384;-0.0015565273712717209;0.00021318513551274335;-0.00017108037315341013;0.0014619661720241383;4.4098366776073875e-06;-6.349063316375452e-05;1.368241632608696e-05;-0.00026215539323229593;-9.707087242455485e-06;Colmenar del Arroyo
28131;0.00867249003997429;-2.4484875443135984e-05;0.002727750471032436;-0.00013347436303495384;-0.00013323291195230382;0.0003319220820315156;-0.0001005090316104198;-0.003925510450984639;0.00016988979762205925;0.00021292830442220089;1.877143044037814e-05;2.196723341348189e-05;-0.0001035644938372119;San Lorenzo de El Escorial
28129;0.00867249003997429;-0.00027946989296790396;0.002727750471032436;-0.00013347436303495384;0.004035456371372557;-0.0032265621598932077;5.375012396114858e-05;-0.0034440985269054494;-9.822357698625133e-06;-7.750288029566257e-05;-1.4126358123031989e-05;-0.0004699073242840923;-0.00018408170696285813;San Agustín del Guadalix
28132;0.00867249003997429;-0.0003120268432150726;-0.0010413312626140082;-0.00013347436303495384;-0.00017521667166281509;0.0005266780930591974;0.0008272841709331452;-0.0009113730633626938;4.810045532077185e-05;-4.135341803033288e-05;-3.5863222008058345e-05;-1.3489491095956946e-05;0.00016311952611097985;San Martín de la Vega
28165;0.00867249003997429;-0.0006764180191368211;-0.0013814267766464902;-0.00013347436303495384;-0.001539949011585527;0.0015423036852475107;-0.0006873132706127512;0.0017497649772964356;-0.0002170209994247693;2.1704347529310597e-05;-0.00016785766900557613;4.718397486538461e-05;0.0002453764690273085;Valdilecha
28178;0.00867249003997429;-0.0006846293976133955;-0.0009128573923028076;-0.00013347436303495384;-0.0003513154215476676;-4.911299618448648e-05;0.0005039241959580863;0.00040396948788265274;2.1802355106605276e-05;-2.821782158330156e-05;8.32132861963266e-06;8.333969418496442e-06;7.961535620546417e-07;Villanueva de Perales
28121;0.00867249003997429;0.0018978520494781017;-0.0003727471816782039;-0.00013347436303495384;-0.001539949011585527;0.000101736823148345;0.0001175168278723951;-0.00126051058071495;-5.793232919287006e-05;8.861422386564873e-05;-3.334837053994663e-05;2.0657059404467072e-05;-8.29870040304604e-05;Redueña
28101;0.00867249003997429;-2.4484875443135984e-05;0.003134685861141092;-0.00013347436303495384;-0.0014089602057521388;-0.0032265621598932077;-0.00043153443954373693;0.0010380118094770836;-0.00017721474652829163;-0.00013438049415762096;0.00017141104335217727;-0.0002973666422706637;0.00021859834174293205;Olmeda de las Fuentes
28080;0.00867249003997429;-0.0016208058269077381;0.0034233305502682737;8.471349011403229e-05;0.004627207630517844;-0.002888546249211285;-0.0001005090316104198;-0.003925510450984639;9.080207011478238e-05;-0.0002766628820498443;-4.780475942400205e-06;-0.0005295889765826661;-0.0002286487881142976;Majadahonda
28148;0.00867249003997429;-0.0008551570004200159;-0.0005234640037043014;2.72593107779486e-05;-0.001391345411453446;0.00021595945666093262;0.0005843775052225513;0.00040396948788265274;-5.279390283152464e-07;3.2740553457157787e-06;7.48059123925242e-05;5.992003061209154e-05;1.6875015179865846e-06;Torrejón de Ardoz
28025;0.00867249003997429;0.0011187964362849023;-0.002088782899338513;-0.00013347436303495384;-0.0005381061877772534;0.0007956818222106481;-0.0013436981288598832;0.0014125694324845343;-0.00015850652055300634;-0.00011491829473174358;-0.0003297636540956585;5.51950467403377e-07;-6.0173547510497316e-05;Brea de Tajo
28168;0.00867249003997429;-0.00024400404017740587;-0.0003727471816782039;-0.00013347436303495384;-0.0015565273712717209;5.361408429163273e-05;-0.00016927600550823853;0.0014125694324845343;-8.787032097031695e-05;-6.228798784054937e-05;2.4221608213252864e-05;-0.0002583893534167889;-5.259816511187025e-05;Vellón (El)
28156;0.00867249003997429;-0.0006864624444875721;-0.0005252264069348101;-0.00013347436303495384;-0.0011596898107695272;-1.385307893023075e-05;-0.00043153443954373693;0.0018183785467234892;-0.00025560633217791865;-1.5967940585273027e-05;9.433158196452197e-05;-0.0001405618168321124;-9.861470684399326e-05;Valdeavero
28012;0.00867249003997429;-0.0006864624444875721;-0.0006978054023224144;-0.00013347436303495384;-0.0008512978664097624;-1.385307893023075e-05;-0.001083365143603327;0.0017497649772964356;-0.00022402051185899715;2.1704347529310597e-05;8.12454421888453e-05;0.00016209057391563126;3.321925271667718e-05;Anchuelo
28040;0.00867249003997429;-0.00027946989296790396;-0.0010413312626140082;8.471349011403229e-05;-0.00017521667166281509;0.0005266780930591974;0.000555665722183208;-0.0016810624324602196;0.0001051254041028101;-6.0968357834946864e-05;1.1411456709956046e-05;6.048318264289401e-05;0.00019267298154420186;Ciempozuelos
28108;0.00867249003997429;-0.0006864624444875721;-0.000445095101184964;-0.00013347436303495384;0.0001554039478972675;0.00023112737977519987;5.375012396114858e-05;-0.00044846022438299035;-1.709366317388743e-05;-4.3329678389408265e-05;-0.00012238687977032727;-0.00023473031188360547;-9.33569711761786e-05;Pedrezuela
28173;0.00867249003997429;0.0008706826597285986;-0.002088782899338513;-0.00013347436303495384;-0.0014642346864895087;0.001867155126931976;-0.0013310732953547798;0.0010380118094770836;-0.00013990307706953614;-0.00015585126951630772;-0.0003018329288401761;-0.00010781772885562366;-5.43729246514979e-06;Villamanrique de Tajo
28146;0.00867249003997429;-0.00024400404017740587;-0.0013814267766464902;-0.00013347436303495384;-0.0013371683705457667;0.0007956818222106481;-0.001083365143603327;0.0011807595830551955;-0.00017262769843703153;5.513652829844192e-05;-0.0001903287471119777;0.00029686868480139196;0.00019438079609117559;Tielmes
28134;0.00867249003997429;-0.0012335500562973708;0.002727750471032436;-0.00036819871153254786;-0.00013323291195230382;-0.00108737814745281;-0.00017108037315341013;-0.0014664744298118477;8.522117055484002e-05;-7.974710068984892e-05;-8.86656027052975e-05;-2.423164098860929e-06;-0.00020672531087128693;San Sebastián de los Reyes
28086;0.00867249003997429;-0.0006846293976133955;-0.0008961067437931311;-0.00013347436303495384;-0.0007769442437909114;3.8822426954317524e-05;0.0002783620019788712;-0.00044846022438299035;7.785225945933474e-05;-2.821782158330156e-05;3.0179864357017496e-05;1.3831592120733938e-05;0.00013279763391616016;Molar (El)
28026;0.00867249003997429;-0.00015588896598153963;-0.000445095101184964;-0.00013347436303495384;0.0005616454551064207;0.00013932174424671827;-0.00014499165340681641;-0.0019849158551514903;0.00017913784844651747;-9.366382324331643e-05;2.669107772246337e-06;-0.0003188111560297993;-3.309635516349743e-05;Brunete
28006;0.00867249003997429;-0.0016208058269077381;0.00024149380281033222;-0.0006684800243019884;0.003973409098752597;-0.0028678394728222185;0.0016197161808667868;-0.0024127616151040565;0.00013889851697500847;-0.00022913359782213442;-3.680763696397477e-05;-0.00046734414941478373;-0.00020032344133934628;Alcobendas
28021;0.00867249003997429;0.0011187964362849023;-0.000198288428387942;-0.00013347436303495384;-0.0015565273712717209;0.00019845947292452322;0.0005039241959580863;-0.0034440985269054494;0.00018644065049457664;0.00036293416535311903;1.573165023335454e-05;0.00028574087297707657;-4.0129301566537063e-05;Berrueco (El)
28065;0.00867249003997429;-0.002625535599392794;-0.00039602972659962004;0.0027357300229262833;1.300495137256993e-05;0.00013932174424671827;0.0001175168278723951;-0.0024127616151040565;0.00020891097025996106;-0.00026088478462477375;-1.178987131984626e-05;-0.00021491690288241494;-5.7683574374202805e-05;Getafe
28009;0.00867249003997429;-0.00013461633166939304;-0.00023973464081258563;-0.00013347436303495384;0.0013895810592084623;0.0005687262749523991;-0.00014499165340681641;-0.003925510450984639;3.88299464186935e-05;-0.00016303867091077372;4.98145037189229e-07;-0.00039159324902054103;-0.00018709597128538965;Algete
28141;0.00867249003997429;-0.00023462133277693832;-0.000198288428387942;-0.00013347436303495384;0.0001554039478972675;0.00013932174424671827;-0.00016356095019870527;-0.0024127616151040565;-2.4271105307308228e-05;-0.00010585536370911817;-2.6464636672246783e-05;-0.0003186241506883565;-5.7683574374202805e-05;Sevilla la Nueva
28047;0.00867249003997429;-0.0006764180191368211;-0.000445095101184964;8.471349011403229e-05;-0.0010071433348901005;0.00021919159431818823;0.00022960585841691147;-0.0019849158551514903;-3.2292169579630945e-05;-3.742723883605383e-05;-1.533162676198751e-05;0.00012738393395374825;1.1484223254686313e-05;Collado Villalba
28075;0.00867249003997429;-0.00015588896598153963;-0.0006978054023224144;-0.00013347436303495384;-0.0003513154215476676;0.00021129209075254783;0.00035320521900765337;-0.002835841663755832;2.207316912016268e-05;-0.00014972886951207634;-2.697022927082661e-05;8.958740431158692e-05;-1.0786862147607464e-05;Loeches
28091;0.00867249003997429;-0.00027946989296790396;-0.0013177793243935867;-0.00013347436303495384;-0.0012140354813673674;0.0006805076260067125;-0.0005670287194108437;-0.0009113730633626938;-7.845511275312343e-05;-3.3580256556710115e-05;-8.108092004706245e-05;4.259922500583537e-05;0.00017319130570912574;Morata de Tajuña
28007;0.00867249003997429;-0.002625535599392794;-0.000198288428387942;0.001865900952822637;0.0013895810592084623;0.00019845947292452322;0.0001175168278723951;-0.003925510450984639;0.00020768188018666707;-0.00035952621918785936;2.6669526600553916e-06;-0.00038561879611940283;-4.57306468804272e-05;Alcorcón
28113;0.00867249003997429;-0.0012335500562973708;-0.0004813528410667432;8.471349011403229e-05;-0.001391345411453446;0.00021318513551274335;0.0002783620019788712;-0.0014664744298118477;0.0002241474648650149;-6.831679439998372e-05;-1.8299612295941917e-05;9.829361818999159e-05;-3.881206786665708e-05;Pinto
28041;0.00867249003997429;-0.0003120268432150726;0.003134685861141092;-0.00013347436303495384;1.300495137256993e-05;-0.0028678394728222185;-0.00017108037315341013;-0.0034440985269054494;0.0002011894306996137;-0.00014994561574144366;1.922752492850246e-05;3.6303911016390216e-05;-0.00018083368220792249;Cobeña
28097;0.00867249003997429;0.0002297712261413779;-0.0004944325479924657;-0.00013347436303495384;-0.0014642346864895087;-0.0032265621598932077;0.0009151809454624104;0.0009190227089444463;-0.0005866708739398925;-0.0001853622717596908;-1.4374430353775075e-05;-0.00012465143263463285;0.00023175571473976473;Navarredonda y San Mamés
28005;0.00867249003997429;-0.00023462133277693832;-0.00039602972659962004;-0.00036819871153254786;-0.00017521667166281509;0.00019845947292452322;0.0002783620019788712;-0.0034440985269054494;7.735496939876083e-05;-0.00010072738644288945;1.5654467786105383e-06;4.834239508396437e-05;-3.94366084831985e-05;Alcalá de Henares
28002;0.00867249003997429;-0.0003120268432150726;-0.00023973464081258563;-0.00013347436303495384;-0.0007769442437909114;0.000101736823148345;0.0005072868594158873;-0.003120001847747195;-3.236429116921918e-05;-0.00016364552073002114;-3.3522914558158875e-05;0.00011700291488681133;-8.75463586135065e-05;Ajalvir
28027;0.00867249003997429;0.0005482447717285364;-0.0009128573923028076;-0.00013347436303495384;-0.001539949011585527;0.00021919159431818823;0.0005072868594158873;-0.002835841663755832;-0.00067148182586252;0.00031370863162903103;-4.5510849782016106e-05;0.00015071760851050747;3.170366067213698e-06;Buitrago del Lozoya
28052;0.00867249003997429;-0.0006846293976133955;-0.0011792388312926898;-0.00013347436303495384;-0.0014208106071656968;0.00020429460941705064;-0.00043153443954373693;-0.0009113730633626938;-0.0002617881158281889;-5.2571089560190436e-05;-4.127463253207725e-05;0.0001830756616433442;0.00014191523462679133;Chinchón
28137;0.00867249003997429;-0.00043800578960203685;-0.0008961067437931311;-0.00013347436303495384;-0.0014089602057521388;-4.911299618448648e-05;-0.00043153443954373693;-0.00126051058071495;-0.00023166947135600836;-4.556922971207119e-06;-4.816151434180003e-05;2.3715703753137853e-05;3.5963872162519358e-06;Santos de la Humosa (Los)
28076;0.00867249003997429;0.0007539410962827428;-0.0009128573923028076;-0.00013347436303495384;-0.001539949011585527;0.0002824639255050091;-0.0013310732953547798;-0.003120001847747195;0.0002839721157805615;0.0003560489625662733;-4.100562921903707e-05;0.00021023354007836237;-8.776848832348847e-05;Lozoya
28084;0.00867249003997429;-0.0012335500562973708;-0.0013177793243935867;-0.00013347436303495384;-0.0007769442437909114;0.00020429460941705064;-0.0005670287194108437;-0.0014664744298118477;-0.00020697811132856285;-8.316954357463167e-05;-3.3711496153131664e-05;8.559659592367945e-05;0.0001679827693014872;Mejorada del Campo
28120;0.00867249003997429;0.0011187964362849023;-0.0009128573923028076;-0.00013347436303495384;1.300495137256993e-05;0.000101736823148345;-0.0009264763240699849;-0.004643407828735523;-0.00017313351426158244;0.0003238532423516608;-4.143232256069932e-05;-0.00018814416324196338;-8.891836184872579e-05;Rascafría
28074;0.00867249003997429;-0.002625535599392794;-0.00045916424494528603;0.001865900952822637;-0.0015565273712717209;0.00021595945666093262;0.0005843775052225513;-0.0034440985269054494;-0.00011236197635241088;-0.00039648355771145085;1.8116776721993642e-05;0.0002638514125743877;1.5828501049991754e-05;Leganés
28092;0.00867249003997429;-0.0012335500562973708;-0.00045916424494528603;-4.6953190668037256e-05;-0.0007769442437909114;-4.911299618448648e-05;0.0005843775052225513;-0.003925510450984639;-6.033752469717481e-06;-0.00024412366449947414;-2.5530536476777954e-05;0.00013482733299784795;2.5049679121043716e-05;Móstoles
28170;0.00867249003997429;-0.0005667475817134165;-0.002088782899338513;-0.00013347436303495384;-0.0014901920692378039;0.001867155126931976;-0.0013231223487019349;-0.0024127616151040565;-0.00023294512878982082;-4.816314234562628e-06;-0.0001911134398523719;0.00013858646119511097;0.0002943529821877788;Villaconejos
28154;0.00867249003997429;-0.00012176278253127191;-0.000596120282881279;-0.00013347436303495384;-0.00013323291195230382;-4.911299618448648e-05;-0.00043153443954373693;-0.004643407828735523;-9.356089016394712e-05;-0.00013768159883028764;-3.344490075273408e-05;7.952016785677108e-06;1.0290860582255998e-05;Torres de la Alameda
28130;0.00867249003997429;-0.0012335500562973708;-0.00045916424494528603;-0.00036819871153254786;-0.0005406904470486151;0.00021129209075254783;0.0006447386398635078;-0.004643407828735523;0.00021213611796122467;-0.00026468526058039967;-8.210583296871725e-06;9.637834325952012e-05;-1.6331287390599477e-05;San Fernando de Henares
28073;0.00867249003997429;-0.0008551570004200159;-0.0010413312626140082;8.471349011403229e-05;-0.0014901920692378039;0.0006805076260067125;-0.0009264763240699849;-0.002835841663755832;-0.000239247192435767;-0.00019039028625641893;-4.054885277555374e-05;0.00013676063102161336;0.00019829363180472637;Humanes de Madrid
28147;0.00867249003997429;-0.00048097681006404545;-0.0013177793243935867;-0.00013347436303495384;-0.001267345020418366;3.8822426954317524e-05;-0.0005670287194108437;-0.002835841663755832;-0.00019246111084418767;-8.876835710426647e-05;-5.735407817246877e-05;0.0002531451781633083;5.47893455342721e-05;Titulcia
28049;0.00867249003997429;-0.002625535599392794;-0.0005234640037043014;-0.0006684800243019884;1.300495137256993e-05;0.00019798231354763586;0.0005072868594158873;-0.004643407828735523;-9.068320323457802e-05;-0.0004049960167417536;-2.6928781147148417e-05;-0.00018116217393469579;-4.6776824245505115e-05;Coslada
28058;0.00867249003997429;-0.0016208058269077381;-0.0011792388312926898;-4.6953190668037256e-05;-0.0011596898107695272;3.8822426954317524e-05;0.00035320521900765337;-0.004643407828735523;-7.409677558166348e-05;-0.0003416182665925933;-0.00013648222807869075;0.00013647319824023994;2.0183653303038762e-05;Fuenlabrada
