rep;modelo;spearman;precision_tercio_sup;puntuaciones_distintas
0;BN;0.3228011981464436;0.53125;41
0;GA2M;0.45421086770029084;0.55;179
0;GAM;0.44813675642876566;0.5333333333333333;179
0;Lineal;0.37505910907455065;0.48333333333333334;179
0;BN > GA2M;0.32980562006988473;0.5333333333333333;179
0;Media rangos;0.4187229689331154;0.5166666666666667;156
1;BN;0.19547325860980208;0.4;35
1;GA2M;0.3511476576067624;0.4666666666666667;179
1;GAM;0.36377712217270314;0.48333333333333334;179
1;Lineal;0.3940514301257506;0.48333333333333334;179
1;BN > GA2M;0.20372648714246855;0.4;179
1;Media rangos;0.2986172974950892;0.43333333333333335;152
2;BN;0.28887359916961053;0.5081967213114754;34
2;GA2M;0.3875086309710627;0.5333333333333333;179
2;GAM;0.3696629213483146;0.4666666666666667;179
2;Lineal;0.37474107086811875;0.4666666666666667;179
2;BN > GA2M;0.2992174586236478;0.5166666666666667;179
2;Media rangos;0.36805224264498515;0.5333333333333333;159
3;BN;0.3246595805075298;0.5081967213114754;36
3;GA2M;0.3936455129412257;0.5333333333333333;179
3;GAM;0.3964660096666876;0.5166666666666667;179
3;Lineal;0.39184608624693995;0.48333333333333334;179
3;BN > GA2M;0.32916117423053587;0.5166666666666667;179
3;Media rangos;0.38169921103898996;0.55;160
4;BN;0.2875799664494644;0.5081967213114754;37
4;GA2M;0.4026803088318373;0.5;179
4;GAM;0.40214048082355147;0.48333333333333334;179
4;Lineal;0.37969995606051093;0.5;179
4;BN > GA2M;0.29357018810286023;0.5166666666666667;179
4;Media rangos;0.379455981607835;0.5166666666666667;163
