ine5;superficie_km2;paradas_cercanias;paradas_emt;paradas_interurbanos;paradas_metro;paradas_metroligero;paradas_total;paradas_total_por_km2
28001;21.86;0;0;3;0;0;3;0.137
28002;19.8;0;0;18;0;0;18;0.909
28003;25.7;0;0;3;0;0;3;0.117
28004;22.0;0;0;25;0;0;25;1.136
28005;88.12;3;0;336;0;0;339;3.847
28006;45.22;2;0;242;4;0;248;5.484
28007;33.58;3;0;228;6;2;239;7.118
28008;51.66;0;0;13;0;0;13;0.252
28009;38.0;0;0;41;0;0;41;1.079
28010;12.66;2;0;25;0;0;27;2.133
28011;25.8;0;0;8;0;0;8;0.31
28012;21.59;0;0;1;0;0;1;0.046
28013;189.01;1;0;137;0;0;138;0.73
28014;80.26;0;0;164;2;0;166;2.068
28015;20.79;0;0;105;0;0;105;5.05
28016;28.43;0;0;1;0;0;1;0.035
28017;21.36;0;0;16;0;0;16;0.749
28018;29.64;0;0;16;0;0;16;0.54
28019;24.07;0;0;4;0;0;4;0.166
28020;14.62;0;0;4;0;0;4;0.274
28021;28.4;0;0;6;0;0;6;0.211
28022;47.41;0;0;195;0;8;203;4.282
28023;39.41;0;0;29;0;0;29;0.736
28024;24.93;0;0;1;0;0;1;0.04
28025;44.73;0;0;3;0;0;3;0.067
28026;49.17;0;0;27;0;0;27;0.549
28027;25.92;0;0;9;0;0;9;0.347
28028;56.13;0;0;18;0;0;18;0.321
28029;13.81;0;0;6;0;0;6;0.435
28030;22.14;0;0;11;0;0;11;0.497
28031;47.84;0;0;13;0;0;13;0.272
28032;35.16;0;0;20;0;0;20;0.569
28033;61.75;0;0;8;0;0;8;0.13
28034;54.18;0;0;1;0;0;1;0.018
28035;47.64;0;0;18;0;0;18;0.378
28036;5.33;0;0;11;0;0;11;2.064
28037;68.25;0;0;12;0;0;12;0.176
28038;40.83;2;0;56;0;0;58;1.421
28039;11.54;0;0;5;0;0;5;0.433
28040;49.41;1;0;44;0;0;45;0.911
28041;20.79;0;0;14;0;0;14;0.673
28042;49.31;0;0;13;0;0;13;0.264
28043;126.33;0;0;17;0;0;17;0.135
28044;31.49;0;0;22;0;0;22;0.699
28045;182.84;1;0;99;0;0;100;0.547
28046;22.2;1;0;17;0;0;18;0.811
28047;25.2;1;0;123;0;0;124;4.92
28048;25.94;0;0;2;0;0;2;0.077
28049;12.02;2;0;147;4;0;153;12.734
28050;12.89;0;0;17;0;0;17;1.319
28051;25.55;0;0;1;0;0;1;0.039
28052;115.79;0;0;31;0;0;31;0.268
28053;43.4;0;0;17;0;0;17;0.392
28054;68.79;0;0;42;0;0;42;0.611
28055;79.13;0;0;9;0;0;9;0.114
28056;28.34;0;0;16;0;0;16;0.565
28057;31.75;0;0;18;0;0;18;0.567
28058;39.26;2;0;173;5;0;180;4.585
28059;33.15;0;0;21;0;0;21;0.634
28060;60.18;0;0;7;0;0;7;0.116
28061;65.19;1;0;89;0;0;90;1.381
28062;40.33;0;0;13;0;0;13;0.322
28063;24.18;0;0;12;0;0;12;0.496
28064;20.07;0;0;2;0;0;2;0.1
28065;78.58;5;0;335;8;0;348;4.429
28066;17.09;0;0;27;0;0;27;1.58
28067;60.26;0;0;13;0;0;13;0.216
28068;57.17;0;0;55;0;0;55;0.962
28069;17.16;0;0;1;0;0;1;0.058
28070;21.2;0;0;6;0;0;6;0.283
28071;23.83;0;0;1;0;0;1;0.042
28072;45.22;0;0;33;0;0;33;0.73
28073;19.67;1;0;44;0;0;45;2.287
28074;43.22;3;0;298;7;0;308;7.126
28075;44.32;0;0;34;0;0;34;0.767
28076;57.69;0;0;2;0;0;2;0.035
28078;8.55;0;0;1;0;0;1;0.117
28079;604.45;39;4927;664;240;12;5882;9.731
28080;38.47;1;1;180;0;0;182;4.732
28082;128.31;0;0;9;0;0;9;0.07
28083;34.94;1;0;26;0;0;27;0.773
28084;17.93;0;0;38;0;0;38;2.119
28085;56.41;0;0;11;0;0;11;0.195
28086;50.19;0;0;7;0;0;7;0.139
28087;19.16;1;0;18;0;0;19;0.991
28088;32.18;0;0;3;0;0;3;0.093
28089;31.17;0;0;33;0;0;33;1.059
28090;43.56;0;0;21;0;0;21;0.482
28091;45.29;0;0;31;0;0;31;0.685
28092;44.86;2;0;278;5;0;285;6.354
28093;27.51;0;0;16;0;0;16;0.582
28094;12.18;0;0;9;0;0;9;0.739
28095;75.76;0;0;5;0;0;5;0.066
28096;100.83;0;0;76;0;0;76;0.754
28097;28.47;0;0;5;0;0;5;0.176
28099;50.51;0;0;6;0;0;6;0.119
28100;20.1;0;0;32;0;0;32;1.592
28101;16.52;0;0;4;0;0;4;0.242
28102;21.36;0;0;4;0;0;4;0.187
28104;43.78;0;0;102;0;0;102;2.33
28106;24.97;1;0;139;0;19;159;6.368
28107;35.07;0;0;12;0;0;12;0.342
28108;28.53;0;0;22;0;0;22;0.771
28109;7.57;0;0;7;0;0;7;0.925
28110;49.07;0;0;10;0;0;10;0.204
28111;41.68;0;0;4;0;0;4;0.096
28112;25.45;0;0;3;0;0;3;0.118
28113;61.98;1;0;86;0;0;87;1.404
28114;18.24;0;0;6;0;0;6;0.329
28115;43.15;1;4;305;0;16;326;7.555
28116;30.91;0;0;5;0;0;5;0.162
28117;22.5;0;0;2;0;0;2;0.089
28118;56.69;0;0;1;0;0;1;0.018
28119;25.68;0;0;8;0;0;8;0.312
28120;149.3;0;0;12;0;0;12;0.08
28121;13.03;0;0;1;0;0;1;0.077
28122;32.16;0;0;16;0;0;16;0.498
28123;67.42;0;0;209;3;0;212;3.145
28124;21.02;0;0;7;0;0;7;0.333
28125;94.15;0;0;33;0;0;33;0.35
28126;18.35;0;0;4;0;0;4;0.218
28127;58.29;3;0;250;0;0;253;4.34
28128;29.55;0;0;8;0;0;8;0.271
28129;38.23;0;0;14;0;0;14;0.366
28130;38.84;0;0;89;3;0;92;2.368
28131;56.38;0;0;57;0;0;57;1.011
28132;105.09;0;0;48;0;0;48;0.457
28133;116.42;0;0;9;0;0;9;0.077
28134;59.13;0;0;170;3;0;173;2.926
28135;75.66;0;0;21;0;0;21;0.278
28136;28.22;0;0;3;0;0;3;0.106
28137;34.82;0;0;3;0;0;3;0.086
28138;5.52;0;0;4;0;0;4;0.725
28140;13.29;0;0;18;0;0;18;1.355
28141;24.73;0;0;18;0;0;18;0.728
28143;20.4;0;0;2;0;0;2;0.098
28144;42.85;0;0;23;0;0;23;0.537
28145;38.49;0;0;8;0;0;8;0.208
28146;26.58;0;0;8;0;0;8;0.301
28147;10.11;0;0;2;0;0;2;0.198
28148;32.36;2;0;162;0;0;164;5.068
28149;8.96;0;0;15;0;0;15;1.673
28150;52.16;0;0;10;0;0;10;0.192
28151;43.06;0;0;7;0;0;7;0.163
28152;21.68;1;0;122;0;0;123;5.674
28153;18.86;0;0;7;0;0;7;0.371
28154;43.33;0;0;22;0;0;22;0.508
28155;63.8;0;0;8;0;0;8;0.125
28156;18.71;0;0;2;0;0;2;0.107
28157;42.26;0;0;6;0;0;6;0.142
28158;17.79;0;0;6;0;0;6;0.337
28159;51.79;0;0;10;0;0;10;0.193
28160;93.8;0;0;55;0;0;55;0.586
28161;64.15;1;0;157;0;0;158;2.463
28162;25.85;0;0;15;0;0;15;0.58
28163;17.66;0;0;1;0;0;1;0.057
28164;35.07;0;0;18;0;0;18;0.513
28165;42.57;0;0;4;0;0;4;0.094
28166;13.74;0;0;2;0;0;2;0.146
28167;14.37;0;0;19;0;0;19;1.322
28168;33.49;0;0;14;0;0;14;0.418
28169;10.22;0;0;8;0;0;8;0.783
28170;33.27;0;0;7;0;0;7;0.21
28171;77.27;0;0;21;0;0;21;0.272
28172;34.7;0;0;80;0;0;80;2.305
28173;29.58;0;0;4;0;0;4;0.135
28174;63.23;0;0;11;0;0;11;0.174
28175;23.92;0;0;5;0;0;5;0.209
28176;34.77;0;0;95;0;0;95;2.732
28177;25.43;0;0;29;0;0;29;1.14
28178;31.43;0;0;8;0;0;8;0.254
28179;27.78;0;0;1;0;0;1;0.036
28180;119.0;0;0;19;0;0;19;0.16
28181;68.19;0;0;97;0;0;97;1.422
28182;23.3;0;0;4;0;0;4;0.172
28183;20.18;0;0;14;0;0;14;0.694
28901;51.43;0;0;18;0;0;18;0.35
28902;58.54;0;0;13;0;0;13;0.222
28903;37.96;1;0;149;0;0;150;3.952
