ine5,nombre_iecm,clave_normalizada
28001,Acebeda (La),la acebeda
28002,Ajalvir,ajalvir
28003,Alameda del Valle,alameda del valle
28004,Álamo (El),el alamo
28005,Alcalá de Henares,alcala de henares
28006,Alcobendas,alcobendas
28007,Alcorcón,alcorcon
28008,Aldea del Fresno,aldea del fresno
28009,Algete,algete
28010,Alpedrete,alpedrete
28011,Ambite,ambite
28012,Anchuelo,anchuelo
28013,Aranjuez,aranjuez
28014,Arganda del Rey,arganda del rey
28015,Arroyomolinos,arroyomolinos
28016,Atazar (El),el atazar
28017,Batres,batres
28018,Becerril de la Sierra,becerril de la sierra
28019,Belmonte de Tajo,belmonte de tajo
28020,Berzosa del Lozoya,berzosa del lozoya
28021,Berrueco (El),el berrueco
28022,Boadilla del Monte,boadilla del monte
28023,Boalo (El),el boalo
28024,Braojos,braojos
28025,Brea de Tajo,brea de tajo
28026,Brunete,brunete
28027,Buitrago del Lozoya,buitrago del lozoya
28028,Bustarviejo,bustarviejo
28029,Cabanillas de la Sierra,cabanillas de la sierra
28030,Cabrera (La),la cabrera
28031,Cadalso de los Vidrios,cadalso de los vidrios
28032,Camarma de Esteruelas,camarma de esteruelas
28033,Campo Real,campo real
28034,Canencia,canencia
28035,Carabaña,carabana
28036,Casarrubuelos,casarrubuelos
28037,Cenicientos,cenicientos
28038,Cercedilla,cercedilla
28039,Cervera de Buitrago,cervera de buitrago
28040,Ciempozuelos,ciempozuelos
28041,Cobeña,cobena
28042,Colmenar del Arroyo,colmenar del arroyo
28043,Colmenar de Oreja,colmenar de oreja
28044,Colmenarejo,colmenarejo
28045,Colmenar Viejo,colmenar viejo
28046,Collado Mediano,collado mediano
28047,Collado Villalba,collado villalba
28048,Corpa,corpa
28049,Coslada,coslada
28050,Cubas de la Sagra,cubas de la sagra
28051,Chapinería,chapineria
28052,Chinchón,chinchon
28053,Daganzo de Arriba,daganzo de arriba
28054,Escorial (El),el escorial
28055,Estremera,estremera
28056,Fresnedillas de la Oliva,fresnedillas de la oliva
28057,Fresno de Torote,fresno de torote
28058,Fuenlabrada,fuenlabrada
28059,Fuente el Saz de Jarama,fuente el saz de jarama
28060,Fuentidueña de Tajo,fuentiduena de tajo
28061,Galapagar,galapagar
28062,Garganta de los Montes,garganta de los montes
28063,Gargantilla del Lozoya y Pinilla de Buitrago,gargantilla del lozoya y pinilla de buitrago
28064,Gascones,gascones
28065,Getafe,getafe
28066,Griñón,grinon
28067,Guadalix de la Sierra,guadalix de la sierra
28068,Guadarrama,guadarrama
28069,Hiruela (La),la hiruela
28070,Horcajo de la Sierra-Aoslos,horcajo de la sierra aoslos
28071,Horcajuelo de la Sierra,horcajuelo de la sierra
28072,Hoyo de Manzanares,hoyo de manzanares
28073,Humanes de Madrid,humanes de madrid
28074,Leganés,leganes
28075,Loeches,loeches
28076,Lozoya,lozoya
28078,Madarcos,madarcos
28079,Madrid,madrid
28080,Majadahonda,majadahonda
28082,Manzanares el Real,manzanares el real
28083,Meco,meco
28084,Mejorada del Campo,mejorada del campo
28085,Miraflores de la Sierra,miraflores de la sierra
28086,Molar (El),el molar
28087,Molinos (Los),los molinos
28088,Montejo de la Sierra,montejo de la sierra
28089,Moraleja de Enmedio,moraleja de enmedio
28090,Moralzarzal,moralzarzal
28091,Morata de Tajuña,morata de tajuna
28092,Móstoles,mostoles
28093,Navacerrada,navacerrada
28094,Navalafuente,navalafuente
28095,Navalagamella,navalagamella
28096,Navalcarnero,navalcarnero
28097,Navarredonda y San Mamés,navarredonda y san mames
28099,Navas del Rey,navas del rey
28100,Nuevo Baztán,nuevo baztan
28101,Olmeda de las Fuentes,olmeda de las fuentes
28102,Orusco de Tajuña,orusco de tajuna
28104,Paracuellos de Jarama,paracuellos de jarama
28106,Parla,parla
28107,Patones,patones
28108,Pedrezuela,pedrezuela
28109,Pelayos de la Presa,pelayos de la presa
28110,Perales de Tajuña,perales de tajuna
28111,Pezuela de las Torres,pezuela de las torres
28112,Pinilla del Valle,pinilla del valle
28113,Pinto,pinto
28114,Piñuécar-Gandullas,pinuecar gandullas
28115,Pozuelo de Alarcón,pozuelo de alarcon
28116,Pozuelo del Rey,pozuelo del rey
28117,Prádena del Rincón,pradena del rincon
28118,Puebla de la Sierra,puebla de la sierra
28119,Quijorna,quijorna
28120,Rascafría,rascafria
28121,Redueña,reduena
28122,Ribatejada,ribatejada
28123,Rivas-Vaciamadrid,rivas vaciamadrid
28124,Robledillo de la Jara,robledillo de la jara
28125,Robledo de Chavela,robledo de chavela
28126,Robregordo,robregordo
28127,Rozas de Madrid (Las),las rozas de madrid
28128,Rozas de Puerto Real,rozas de puerto real
28129,San Agustín del Guadalix,san agustin del guadalix
28130,San Fernando de Henares,san fernando de henares
28131,San Lorenzo de El Escorial,san lorenzo de el escorial
28132,San Martín de la Vega,san martin de la vega
28133,San Martín de Valdeiglesias,san martin de valdeiglesias
28134,San Sebastián de los Reyes,san sebastian de los reyes
28135,Santa María de la Alameda,santa maria de la alameda
28136,Santorcaz,santorcaz
28137,Santos de la Humosa (Los),los santos de la humosa
28138,Serna del Monte (La),la serna del monte
28140,Serranillos del Valle,serranillos del valle
28141,Sevilla la Nueva,sevilla la nueva
28143,Somosierra,somosierra
28144,Soto del Real,soto del real
28145,Talamanca de Jarama,talamanca de jarama
28146,Tielmes,tielmes
28147,Titulcia,titulcia
28148,Torrejón de Ardoz,torrejon de ardoz
28149,Torrejón de la Calzada,torrejon de la calzada
28150,Torrejón de Velasco,torrejon de velasco
28151,Torrelaguna,torrelaguna
28152,Torrelodones,torrelodones
28153,Torremocha de Jarama,torremocha de jarama
28154,Torres de la Alameda,torres de la alameda
28155,Valdaracete,valdaracete
28156,Valdeavero,valdeavero
28157,Valdelaguna,valdelaguna
28158,Valdemanco,valdemanco
28159,Valdemaqueda,valdemaqueda
28160,Valdemorillo,valdemorillo
28161,Valdemoro,valdemoro
28162,Valdeolmos-Alalpardo,valdeolmos alalpardo
28163,Valdepiélagos,valdepielagos
28164,Valdetorres de Jarama,valdetorres de jarama
28165,Valdilecha,valdilecha
28166,Valverde de Alcalá,valverde de alcala
28167,Velilla de San Antonio,velilla de san antonio
28168,Vellón (El),el vellon
28169,Venturada,venturada
28170,Villaconejos,villaconejos
28171,Villa del Prado,villa del prado
28172,Villalbilla,villalbilla
28173,Villamanrique de Tajo,villamanrique de tajo
28174,Villamanta,villamanta
28175,Villamantilla,villamantilla
28176,Villanueva de la Cañada,villanueva de la canada
28177,Villanueva del Pardillo,villanueva del pardillo
28178,Villanueva de Perales,villanueva de perales
28179,Villar del Olmo,villar del olmo
28180,Villarejo de Salvanés,villarejo de salvanes
28181,Villaviciosa de Odón,villaviciosa de odon
28182,Villavieja del Lozoya,villavieja del lozoya
28183,Zarzalejo,zarzalejo
28901,Lozoyuela-Navas-Sieteiglesias,lozoyuela navas sieteiglesias
28902,Puentes Viejas,puentes viejas
28903,Tres Cantos,tres cantos
