ine5;superficie_km2;colegios_univ;coworking;deporte;gimnasios;guarderias;industrial;oficinas;parques;rest_bar;rest_cafe;rest_fastfood;rest_restaurant;san_clinic;san_doctors;san_hospital;san_pharmacy;transporte;viaria_alta_capacidad;colegios_univ_por_km2;coworking_por_km2;deporte_por_km2;gimnasios_por_km2;guarderias_por_km2;industrial_por_km2;oficinas_por_km2;parques_por_km2;rest_bar_por_km2;rest_cafe_por_km2;rest_fastfood_por_km2;rest_restaurant_por_km2;san_clinic_por_km2;san_doctors_por_km2;san_hospital_por_km2;san_pharmacy_por_km2;transporte_por_km2;viaria_alta_capacidad_por_km2
28001;21.86;0;0;0;0;0;0;0;0;1;0;0;1;0;1;0;0;3;0;0.0;0.0;0.0;0.0;0.0;0.0;0.0;0.0;0.046;0.0;0.0;0.046;0.0;0.046;0.0;0.0;0.137;0.0
28002;19.8;2;0;62;4;3;26;7;22;5;4;1;7;2;0;0;1;18;25;0.101;0.0;3.132;0.202;0.152;1.313;0.354;1.111;0.253;0.202;0.051;0.354;0.101;0.0;0.0;0.051;0.909;1.263
28003;25.7;1;0;7;0;0;0;0;0;0;1;0;4;0;1;0;1;3;0;0.039;0.0;0.272;0.0;0.0;0.0;0.0;0.0;0.0;0.039;0.0;0.156;0.0;0.039;0.0;0.039;0.117;0.0
28004;22.0;5;0;442;3;2;2;0;11;1;0;0;4;1;0;0;2;25;0;0.227;0.0;20.089;0.136;0.091;0.091;0.0;0.5;0.045;0.0;0.0;0.182;0.045;0.0;0.0;0.091;1.136;0.0
28005;88.12;131;1;1036;55;30;85;161;560;120;70;46;142;24;3;5;44;349;290;1.487;0.011;11.756;0.624;0.34;0.965;1.827;6.355;1.362;0.794;0.522;1.611;0.272;0.034;0.057;0.499;3.96;3.291
28006;45.22;68;1;892;26;25;57;140;257;16;13;20;89;6;3;3;10;265;301;1.504;0.022;19.724;0.575;0.553;1.26;3.096;5.683;0.354;0.287;0.442;1.968;0.133;0.066;0.066;0.221;5.86;6.656
28007;33.58;82;0;620;40;25;73;25;620;23;23;38;97;14;1;3;36;261;368;2.442;0.0;18.465;1.191;0.745;2.174;0.745;18.465;0.685;0.685;1.132;2.889;0.417;0.03;0.089;1.072;7.773;10.96
28008;51.66;1;0;19;2;2;0;0;17;1;0;1;4;1;0;0;0;12;0;0.019;0.0;0.368;0.039;0.039;0.0;0.0;0.329;0.019;0.0;0.019;0.077;0.019;0.0;0.0;0.0;0.232;0.0
28009;38.0;17;0;103;6;5;10;1;56;2;3;2;2;1;1;0;1;40;22;0.447;0.0;2.711;0.158;0.132;0.263;0.026;1.474;0.053;0.079;0.053;0.053;0.026;0.026;0.0;0.026;1.053;0.579
28010;12.66;12;0;406;4;7;7;1;67;19;5;5;16;3;0;0;2;27;30;0.948;0.0;32.067;0.316;0.553;0.553;0.079;5.292;1.501;0.395;0.395;1.264;0.237;0.0;0.0;0.158;2.133;2.37
28011;25.8;0;0;7;0;0;0;0;0;1;0;0;1;0;0;0;0;8;0;0.0;0.0;0.271;0.0;0.0;0.0;0.0;0.0;0.039;0.0;0.0;0.039;0.0;0.0;0.0;0.0;0.31;0.0
28012;21.59;1;0;30;0;1;1;0;5;0;0;0;0;1;0;0;0;1;0;0.046;0.0;1.389;0.0;0.046;0.046;0.0;0.232;0.0;0.0;0.0;0.0;0.046;0.0;0.0;0.0;0.046;0.0
28013;189.01;28;0;901;34;5;99;8;172;12;15;8;53;6;1;1;9;152;91;0.148;0.0;4.767;0.18;0.026;0.524;0.042;0.91;0.063;0.079;0.042;0.28;0.032;0.005;0.005;0.048;0.804;0.481
28014;80.26;29;0;160;8;10;26;4;69;3;4;7;10;2;0;1;4;165;280;0.361;0.0;1.993;0.1;0.125;0.324;0.05;0.86;0.037;0.05;0.087;0.125;0.025;0.0;0.012;0.05;2.056;3.488
28015;20.79;11;0;286;5;7;4;1;37;0;7;8;22;1;0;1;1;105;38;0.529;0.0;13.754;0.24;0.337;0.192;0.048;1.779;0.0;0.337;0.385;1.058;0.048;0.0;0.048;0.048;5.05;1.827
28016;28.43;0;0;3;0;0;0;0;2;0;0;0;1;0;0;0;0;1;0;0.0;0.0;0.106;0.0;0.0;0.0;0.0;0.07;0.0;0.0;0.0;0.035;0.0;0.0;0.0;0.0;0.035;0.0
28017;21.36;1;0;215;0;1;0;0;1;0;0;0;0;1;0;0;1;14;1;0.047;0.0;10.066;0.0;0.047;0.0;0.0;0.047;0.0;0.0;0.0;0.0;0.047;0.0;0.0;0.047;0.655;0.047
28018;29.64;1;0;36;2;1;1;2;10;3;2;2;7;1;0;0;2;16;25;0.034;0.0;1.214;0.067;0.034;0.034;0.067;0.337;0.101;0.067;0.067;0.236;0.034;0.0;0.0;0.067;0.54;0.843
28019;24.07;0;0;7;1;0;1;0;0;0;0;0;0;0;0;0;0;4;0;0.0;0.0;0.291;0.042;0.0;0.042;0.0;0.0;0.0;0.0;0.0;0.0;0.0;0.0;0.0;0.0;0.166;0.0
28020;14.62;1;0;5;1;0;0;0;5;0;0;0;2;0;1;0;0;4;0;0.068;0.0;0.342;0.068;0.0;0.0;0.0;0.342;0.0;0.0;0.0;0.137;0.0;0.068;0.0;0.0;0.274;0.0
28021;28.4;2;0;39;1;0;0;0;2;0;2;0;3;1;0;0;1;6;0;0.07;0.0;1.373;0.035;0.0;0.0;0.0;0.07;0.0;0.07;0.0;0.106;0.035;0.0;0.0;0.035;0.211;0.0
28022;47.41;26;0;3436;27;15;20;23;304;7;10;7;54;6;3;2;9;206;148;0.548;0.0;72.475;0.57;0.316;0.422;0.485;6.412;0.148;0.211;0.148;1.139;0.127;0.063;0.042;0.19;4.345;3.122
28023;39.41;4;0;36;1;5;3;0;13;3;1;2;22;1;0;0;3;32;88;0.101;0.0;0.913;0.025;0.127;0.076;0.0;0.33;0.076;0.025;0.051;0.558;0.025;0.0;0.0;0.076;0.812;2.233
28024;24.93;0;0;3;0;0;0;0;0;0;0;0;0;0;0;0;0;1;0;0.0;0.0;0.12;0.0;0.0;0.0;0.0;0.0;0.0;0.0;0.0;0.0;0.0;0.0;0.0;0.0;0.04;0.0
28025;44.73;1;0;9;1;1;0;0;2;0;0;0;0;1;0;0;0;3;0;0.022;0.0;0.201;0.022;0.022;0.0;0.0;0.045;0.0;0.0;0.0;0.0;0.022;0.0;0.0;0.0;0.067;0.0
28026;49.17;3;0;61;5;4;9;0;13;0;0;0;4;1;0;1;0;29;131;0.061;0.0;1.241;0.102;0.081;0.183;0.0;0.264;0.0;0.0;0.0;0.081;0.02;0.0;0.02;0.0;0.59;2.664
28027;25.92;5;0;19;0;0;5;4;8;5;3;3;10;1;0;0;1;8;92;0.193;0.0;0.733;0.0;0.0;0.193;0.154;0.309;0.193;0.116;0.116;0.386;0.039;0.0;0.0;0.039;0.309;3.549
28028;56.13;3;0;33;1;1;0;0;5;3;1;0;6;0;0;0;0;18;0;0.053;0.0;0.588;0.018;0.018;0.0;0.0;0.089;0.053;0.018;0.0;0.107;0.0;0.0;0.0;0.0;0.321;0.0
28029;13.81;2;0;26;1;1;1;0;1;0;0;0;0;0;0;0;0;6;20;0.145;0.0;1.883;0.072;0.072;0.072;0.0;0.072;0.0;0.0;0.0;0.0;0.0;0.0;0.0;0.0;0.435;1.448
28030;22.14;6;0;88;3;2;1;1;20;1;1;2;14;1;0;0;1;11;64;0.271;0.0;3.975;0.136;0.09;0.045;0.045;0.903;0.045;0.045;0.09;0.632;0.045;0.0;0.0;0.045;0.497;2.891
28031;47.84;4;0;34;1;1;1;1;9;1;0;0;2;1;0;0;0;13;0;0.084;0.0;0.711;0.021;0.021;0.021;0.021;0.188;0.021;0.0;0.0;0.042;0.021;0.0;0.0;0.0;0.272;0.0
28032;35.16;5;0;242;3;5;3;2;46;0;0;0;2;0;0;1;1;20;2;0.142;0.0;6.883;0.085;0.142;0.085;0.057;1.308;0.0;0.0;0.0;0.057;0.0;0.0;0.028;0.028;0.569;0.057
28033;61.75;3;0;16;1;1;2;1;5;4;0;0;5;0;0;0;2;7;0;0.049;0.0;0.259;0.016;0.016;0.032;0.016;0.081;0.065;0.0;0.0;0.081;0.0;0.0;0.0;0.032;0.113;0.0
28034;54.18;0;0;3;0;1;0;0;0;0;0;0;0;0;0;0;0;1;0;0.0;0.0;0.055;0.0;0.018;0.0;0.0;0.0;0.0;0.0;0.0;0.0;0.0;0.0;0.0;0.0;0.018;0.0
28035;47.64;2;0;8;0;1;0;0;2;1;0;0;1;0;0;0;2;18;0;0.042;0.0;0.168;0.0;0.021;0.0;0.0;0.042;0.021;0.0;0.0;0.021;0.0;0.0;0.0;0.042;0.378;0.0
28036;5.33;3;0;114;5;4;1;1;16;0;1;0;3;1;0;0;1;11;6;0.563;0.0;21.387;0.938;0.75;0.188;0.188;3.002;0.0;0.188;0.0;0.563;0.188;0.0;0.0;0.188;2.064;1.126
28037;68.25;1;0;11;2;0;2;0;8;1;0;0;0;1;0;0;0;12;0;0.015;0.0;0.161;0.029;0.0;0.029;0.0;0.117;0.015;0.0;0.0;0.0;0.015;0.0;0.0;0.0;0.176;0.0
28038;40.83;6;0;100;3;1;2;5;3;11;9;3;28;2;1;1;3;63;33;0.147;0.0;2.449;0.073;0.024;0.049;0.122;0.073;0.269;0.22;0.073;0.686;0.049;0.024;0.024;0.073;1.543;0.808
28039;11.54;0;0;5;1;0;0;0;0;0;0;0;2;1;0;0;0;5;0;0.0;0.0;0.433;0.087;0.0;0.0;0.0;0.0;0.0;0.0;0.0;0.173;0.087;0.0;0.0;0.0;0.433;0.0
28040;49.41;9;0;50;2;4;13;2;33;3;1;2;4;1;0;4;3;48;12;0.182;0.0;1.012;0.04;0.081;0.263;0.04;0.668;0.061;0.02;0.04;0.081;0.02;0.0;0.081;0.061;0.972;0.243
28041;20.79;3;0;517;3;1;11;5;24;2;5;0;7;2;0;0;2;14;25;0.144;0.0;24.871;0.144;0.048;0.529;0.241;1.155;0.096;0.241;0.0;0.337;0.096;0.0;0.0;0.096;0.673;1.203
28042;49.31;2;0;298;1;2;1;0;32;0;0;0;2;1;0;0;1;13;25;0.041;0.0;6.044;0.02;0.041;0.02;0.0;0.649;0.0;0.0;0.0;0.041;0.02;0.0;0.0;0.02;0.264;0.507
28043;126.33;3;0;149;3;1;4;4;7;9;1;2;7;1;0;0;2;17;0;0.024;0.0;1.179;0.024;0.008;0.032;0.032;0.055;0.071;0.008;0.016;0.055;0.008;0.0;0.0;0.016;0.135;0.0
28044;31.49;8;0;824;4;2;3;7;32;14;1;2;7;1;1;0;2;23;20;0.254;0.0;26.163;0.127;0.064;0.095;0.222;1.016;0.445;0.032;0.064;0.222;0.032;0.032;0.0;0.064;0.73;0.635
28045;182.84;28;1;528;19;17;18;67;132;32;24;13;35;6;12;1;14;100;117;0.153;0.005;2.888;0.104;0.093;0.098;0.366;0.722;0.175;0.131;0.071;0.191;0.033;0.066;0.005;0.077;0.547;0.64
28046;22.2;6;0;112;2;3;2;2;16;1;1;0;3;1;0;0;2;17;66;0.27;0.0;5.046;0.09;0.135;0.09;0.09;0.721;0.045;0.045;0.0;0.135;0.045;0.0;0.0;0.09;0.766;2.973
28047;25.2;40;1;1231;17;20;18;87;142;64;30;20;76;11;14;1;16;130;154;1.587;0.04;48.842;0.675;0.794;0.714;3.452;5.634;2.539;1.19;0.794;3.015;0.436;0.555;0.04;0.635;5.158;6.11
28048;25.94;0;0;11;0;0;0;0;3;0;0;0;0;0;0;0;0;2;0;0.0;0.0;0.424;0.0;0.0;0.0;0.0;0.116;0.0;0.0;0.0;0.0;0.0;0.0;0.0;0.0;0.077;0.0
28049;12.02;44;0;484;18;16;15;65;1010;65;28;23;72;8;7;3;31;160;20;3.662;0.0;40.283;1.498;1.332;1.248;5.41;84.061;5.41;2.33;1.914;5.992;0.666;0.583;0.25;2.58;13.317;1.665
28050;12.89;3;0;30;0;1;1;1;11;0;0;0;3;0;0;1;1;17;5;0.233;0.0;2.327;0.0;0.078;0.078;0.078;0.853;0.0;0.0;0.0;0.233;0.0;0.0;0.078;0.078;1.319;0.388
28051;25.55;1;0;9;2;4;1;0;4;0;0;0;0;1;0;0;0;1;30;0.039;0.0;0.352;0.078;0.157;0.039;0.0;0.157;0.0;0.0;0.0;0.0;0.039;0.0;0.0;0.0;0.039;1.174
28052;115.79;2;0;59;2;0;5;4;11;11;7;1;21;1;0;0;2;32;0;0.017;0.0;0.51;0.017;0.0;0.043;0.035;0.095;0.095;0.06;0.009;0.181;0.009;0.0;0.0;0.017;0.276;0.0
28053;43.4;3;0;75;4;4;8;3;15;2;1;2;4;1;0;0;2;17;14;0.069;0.0;1.728;0.092;0.092;0.184;0.069;0.346;0.046;0.023;0.046;0.092;0.023;0.0;0.0;0.046;0.392;0.323
28054;68.79;4;0;1092;3;5;6;20;76;18;5;4;35;2;1;0;5;45;177;0.058;0.0;15.873;0.044;0.073;0.087;0.291;1.105;0.262;0.073;0.058;0.509;0.029;0.015;0.0;0.073;0.654;2.573
28055;79.13;1;0;21;0;2;1;0;9;0;0;0;0;0;0;0;0;9;9;0.013;0.0;0.265;0.0;0.025;0.013;0.0;0.114;0.0;0.0;0.0;0.0;0.0;0.0;0.0;0.0;0.114;0.114
28056;28.34;1;0;11;1;1;0;0;3;0;0;0;6;1;0;0;1;16;0;0.035;0.0;0.388;0.035;0.035;0.0;0.0;0.106;0.0;0.0;0.0;0.212;0.035;0.0;0.0;0.035;0.565;0.0
28057;31.75;3;0;25;0;1;1;0;9;2;0;0;2;0;1;0;1;18;0;0.094;0.0;0.787;0.0;0.031;0.031;0.0;0.283;0.063;0.0;0.0;0.063;0.0;0.031;0.0;0.031;0.567;0.0
28058;39.26;84;0;635;35;28;53;37;1010;159;86;41;72;12;9;4;47;263;434;2.14;0.0;16.174;0.892;0.713;1.35;0.942;25.726;4.05;2.191;1.044;1.834;0.306;0.229;0.102;1.197;6.699;11.055
28059;33.15;2;0;32;5;3;5;0;21;0;0;0;2;0;0;0;1;21;2;0.06;0.0;0.965;0.151;0.091;0.151;0.0;0.634;0.0;0.0;0.0;0.06;0.0;0.0;0.0;0.03;0.634;0.06
28060;60.18;1;0;6;0;1;1;0;0;0;2;1;5;0;0;0;1;7;78;0.017;0.0;0.1;0.0;0.017;0.017;0.0;0.0;0.0;0.033;0.017;0.083;0.0;0.0;0.0;0.017;0.116;1.296
28061;65.19;15;0;2915;13;10;15;43;122;31;9;11;23;2;7;0;9;96;150;0.23;0.0;44.714;0.199;0.153;0.23;0.66;1.871;0.476;0.138;0.169;0.353;0.031;0.107;0.0;0.138;1.473;2.301
28062;40.33;0;0;14;1;1;0;0;0;1;1;0;6;0;0;0;1;13;0;0.0;0.0;0.347;0.025;0.025;0.0;0.0;0.0;0.025;0.025;0.0;0.149;0.0;0.0;0.0;0.025;0.322;0.0
28063;24.18;0;0;11;2;1;0;0;0;2;0;0;2;0;0;0;0;12;0;0.0;0.0;0.455;0.083;0.041;0.0;0.0;0.0;0.083;0.0;0.0;0.083;0.0;0.0;0.0;0.0;0.496;0.0
28064;20.07;0;0;2;1;0;0;0;0;1;0;0;2;0;0;0;0;2;6;0.0;0.0;0.1;0.05;0.0;0.0;0.0;0.0;0.05;0.0;0.0;0.1;0.0;0.0;0.0;0.0;0.1;0.299
28065;78.58;93;0;1262;54;27;48;68;760;91;27;43;107;16;1;4;30;374;616;1.183;0.0;16.06;0.687;0.344;0.611;0.865;9.672;1.158;0.344;0.547;1.362;0.204;0.013;0.051;0.382;4.759;7.839
28066;17.09;5;0;128;5;3;10;4;19;1;3;0;6;1;1;0;0;27;6;0.293;0.0;7.491;0.293;0.176;0.585;0.234;1.112;0.059;0.176;0.0;0.351;0.059;0.059;0.0;0.0;1.58;0.351
28067;60.26;2;0;14;2;1;0;1;10;1;0;2;3;1;0;0;2;13;14;0.033;0.0;0.232;0.033;0.017;0.0;0.017;0.166;0.017;0.0;0.033;0.05;0.017;0.0;0.0;0.033;0.216;0.232
28068;57.17;9;0;374;5;4;6;5;396;13;6;4;34;1;0;1;4;56;284;0.157;0.0;6.542;0.087;0.07;0.105;0.087;6.927;0.227;0.105;0.07;0.595;0.017;0.0;0.017;0.07;0.98;4.968
28069;17.16;0;0;1;0;0;0;0;1;1;0;0;0;0;1;0;0;0;0;0.0;0.0;0.058;0.0;0.0;0.0;0.0;0.058;0.058;0.0;0.0;0.0;0.0;0.058;0.0;0.0;0.0;0.0
28070;21.2;0;0;2;0;0;0;0;1;1;1;0;1;0;0;0;0;6;58;0.0;0.0;0.094;0.0;0.0;0.0;0.0;0.047;0.047;0.047;0.0;0.047;0.0;0.0;0.0;0.0;0.283;2.735
28071;23.83;0;0;1;0;0;0;0;0;1;0;0;2;0;1;0;0;1;0;0.0;0.0;0.042;0.0;0.0;0.0;0.0;0.0;0.042;0.0;0.0;0.084;0.0;0.042;0.0;0.0;0.042;0.0
28072;45.22;5;1;935;4;1;1;11;44;17;1;0;9;1;2;0;3;33;0;0.111;0.022;20.677;0.088;0.022;0.022;0.243;0.973;0.376;0.022;0.0;0.199;0.022;0.044;0.0;0.066;0.73;0.0
28073;19.67;12;0;344;4;7;17;3;15;2;8;2;15;1;3;0;4;46;64;0.61;0.0;17.485;0.203;0.356;0.864;0.152;0.762;0.102;0.407;0.102;0.762;0.051;0.152;0.0;0.203;2.338;3.253
28074;43.22;92;0;1144;30;28;49;53;623;87;45;47;89;14;0;5;34;325;693;2.128;0.0;26.467;0.694;0.648;1.134;1.226;14.414;2.013;1.041;1.087;2.059;0.324;0.0;0.116;0.787;7.519;16.033
28075;44.32;8;0;47;5;0;17;1;28;0;0;0;2;1;0;0;1;32;25;0.181;0.0;1.06;0.113;0.0;0.384;0.023;0.632;0.0;0.0;0.0;0.045;0.023;0.0;0.0;0.023;0.722;0.564
28076;57.69;0;0;12;1;2;2;0;3;1;1;0;7;0;1;0;1;2;0;0.0;0.0;0.208;0.017;0.035;0.035;0.0;0.052;0.017;0.017;0.0;0.121;0.0;0.017;0.0;0.017;0.035;0.0
28078;8.55;0;0;1;0;0;0;0;0;0;0;0;1;0;0;0;0;1;0;0.0;0.0;0.117;0.0;0.0;0.0;0.0;0.0;0.0;0.0;0.0;0.117;0.0;0.0;0.0;0.0;0.117;0.0
28079;604.45;1309;48;11295;691;594;445;2266;14368;2449;1399;1095;4921;388;132;75;1853;6507;4700;2.166;0.079;18.686;1.143;0.983;0.736;3.749;23.77;4.052;2.314;1.812;8.141;0.642;0.218;0.124;3.066;10.765;7.776
28080;38.47;38;0;1896;39;10;38;96;148;28;15;23;82;24;4;2;17;187;154;0.988;0.0;49.291;1.014;0.26;0.988;2.496;3.848;0.728;0.39;0.598;2.132;0.624;0.104;0.052;0.442;4.862;4.004
28082;128.31;5;0;39;3;1;2;2;8;5;4;4;17;1;0;0;2;10;9;0.039;0.0;0.304;0.023;0.008;0.016;0.016;0.062;0.039;0.031;0.031;0.132;0.008;0.0;0.0;0.016;0.078;0.07
28083;34.94;4;0;400;2;4;10;3;63;3;3;3;10;1;0;0;4;27;29;0.114;0.0;11.449;0.057;0.114;0.286;0.086;1.803;0.086;0.086;0.086;0.286;0.029;0.0;0.0;0.114;0.773;0.83
28084;17.93;7;0;66;3;2;7;2;79;5;2;3;8;1;0;1;4;38;19;0.39;0.0;3.68;0.167;0.112;0.39;0.112;4.405;0.279;0.112;0.167;0.446;0.056;0.0;0.056;0.223;2.119;1.059
28085;56.41;3;0;54;3;2;1;6;11;12;2;0;17;0;0;0;3;11;0;0.053;0.0;0.957;0.053;0.035;0.018;0.106;0.195;0.213;0.035;0.0;0.301;0.0;0.0;0.0;0.053;0.195;0.0
28086;50.19;7;0;19;3;2;1;0;13;0;0;0;16;1;0;1;1;9;53;0.139;0.0;0.379;0.06;0.04;0.02;0.0;0.259;0.0;0.0;0.0;0.319;0.02;0.0;0.02;0.02;0.179;1.056
28087;19.16;2;0;74;1;2;1;0;9;7;1;0;10;0;1;0;2;19;0;0.104;0.0;3.862;0.052;0.104;0.052;0.0;0.47;0.365;0.052;0.0;0.522;0.0;0.052;0.0;0.104;0.991;0.0
28088;32.18;1;0;3;1;1;0;0;1;0;1;0;5;1;0;0;1;3;0;0.031;0.0;0.093;0.031;0.031;0.0;0.0;0.031;0.0;0.031;0.0;0.155;0.031;0.0;0.0;0.031;0.093;0.0
28089;31.17;3;0;18;4;1;3;0;8;0;0;0;2;1;0;0;1;33;110;0.096;0.0;0.577;0.128;0.032;0.096;0.0;0.257;0.0;0.0;0.0;0.064;0.032;0.0;0.0;0.032;1.059;3.529
28090;43.56;8;0;138;7;4;7;9;29;5;6;7;27;2;0;0;3;23;68;0.184;0.0;3.168;0.161;0.092;0.161;0.207;0.666;0.115;0.138;0.161;0.62;0.046;0.0;0.0;0.069;0.528;1.561
28091;45.29;2;0;175;4;2;4;1;50;1;0;0;7;1;0;0;2;24;0;0.044;0.0;3.864;0.088;0.044;0.088;0.022;1.104;0.022;0.0;0.0;0.155;0.022;0.0;0.0;0.044;0.53;0.0
28092;44.86;90;0;1020;37;25;42;59;341;42;45;28;72;10;8;5;72;274;129;2.006;0.0;22.739;0.825;0.557;0.936;1.315;7.602;0.936;1.003;0.624;1.605;0.223;0.178;0.111;1.605;6.108;2.876
28093;27.51;1;0;28;3;1;2;3;7;6;3;0;25;2;0;1;1;17;130;0.036;0.0;1.018;0.109;0.036;0.073;0.109;0.254;0.218;0.109;0.0;0.909;0.073;0.0;0.036;0.036;0.618;4.725
28094;12.18;1;0;19;1;1;0;1;4;0;0;0;0;1;0;0;0;9;0;0.082;0.0;1.56;0.082;0.082;0.0;0.082;0.329;0.0;0.0;0.0;0.0;0.082;0.0;0.0;0.0;0.739;0.0
28095;75.76;1;0;127;2;2;0;0;17;1;0;0;1;1;0;0;1;5;15;0.013;0.0;1.676;0.026;0.026;0.0;0.0;0.224;0.013;0.0;0.0;0.013;0.013;0.0;0.0;0.013;0.066;0.198
28096;100.83;11;0;398;9;7;12;1;37;1;3;3;8;0;0;0;1;78;177;0.109;0.0;3.947;0.089;0.069;0.119;0.01;0.367;0.01;0.03;0.03;0.079;0.0;0.0;0.0;0.01;0.774;1.755
28097;28.47;0;0;25;0;0;0;0;0;3;0;0;0;1;0;0;0;5;0;0.0;0.0;0.878;0.0;0.0;0.0;0.0;0.0;0.105;0.0;0.0;0.0;0.035;0.0;0.0;0.0;0.176;0.0
28099;50.51;1;0;19;2;1;3;0;12;0;1;0;3;1;0;0;2;6;3;0.02;0.0;0.376;0.04;0.02;0.059;0.0;0.238;0.0;0.02;0.0;0.059;0.02;0.0;0.0;0.04;0.119;0.059
28100;20.1;3;0;1067;7;2;3;7;70;0;4;0;18;1;0;0;2;32;0;0.149;0.0;53.075;0.348;0.099;0.149;0.348;3.482;0.0;0.199;0.0;0.895;0.05;0.0;0.0;0.099;1.592;0.0
28101;16.52;0;0;28;0;0;0;0;0;0;0;0;1;0;0;0;0;4;0;0.0;0.0;1.695;0.0;0.0;0.0;0.0;0.0;0.0;0.0;0.0;0.061;0.0;0.0;0.0;0.0;0.242;0.0
28102;21.36;1;0;5;1;2;1;0;0;0;0;0;1;0;0;0;0;4;0;0.047;0.0;0.234;0.047;0.094;0.047;0.0;0.0;0.0;0.0;0.0;0.047;0.0;0.0;0.0;0.0;0.187;0.0
28104;43.78;15;0;1232;9;7;16;1;86;3;3;2;11;2;0;1;3;103;95;0.343;0.0;28.143;0.206;0.16;0.365;0.023;1.965;0.069;0.069;0.046;0.251;0.046;0.0;0.023;0.069;2.353;2.17
28106;24.97;49;0;199;14;19;29;9;103;5;8;14;20;4;0;1;15;154;95;1.962;0.0;7.969;0.561;0.761;1.161;0.36;4.125;0.2;0.32;0.561;0.801;0.16;0.0;0.04;0.601;6.167;3.804
28107;35.07;0;0;5;0;1;0;0;1;2;0;0;14;1;0;0;1;10;0;0.0;0.0;0.143;0.0;0.029;0.0;0.0;0.029;0.057;0.0;0.0;0.399;0.029;0.0;0.0;0.029;0.285;0.0
28108;28.53;3;0;13;2;3;0;0;13;0;1;0;4;0;0;0;1;21;14;0.105;0.0;0.456;0.07;0.105;0.0;0.0;0.456;0.0;0.035;0.0;0.14;0.0;0.0;0.0;0.035;0.736;0.491
28109;7.57;1;0;11;1;2;0;0;3;2;0;1;4;1;0;0;1;6;0;0.132;0.0;1.454;0.132;0.264;0.0;0.0;0.397;0.264;0.0;0.132;0.529;0.132;0.0;0.0;0.132;0.793;0.0
28110;49.07;1;0;19;2;0;0;0;2;0;0;0;3;1;0;0;0;10;79;0.02;0.0;0.387;0.041;0.0;0.0;0.0;0.041;0.0;0.0;0.0;0.061;0.02;0.0;0.0;0.0;0.204;1.61
28111;41.68;1;0;55;1;0;0;0;3;0;2;0;0;0;0;0;0;4;0;0.024;0.0;1.319;0.024;0.0;0.0;0.0;0.072;0.0;0.048;0.0;0.0;0.0;0.0;0.0;0.0;0.096;0.0
28112;25.45;0;0;7;0;1;0;0;0;0;0;0;3;0;0;0;1;3;0;0.0;0.0;0.275;0.0;0.039;0.0;0.0;0.0;0.0;0.0;0.0;0.118;0.0;0.0;0.0;0.039;0.118;0.0
28113;61.98;17;0;374;17;7;30;23;168;16;15;8;44;6;2;0;14;90;239;0.274;0.0;6.034;0.274;0.113;0.484;0.371;2.711;0.258;0.242;0.129;0.71;0.097;0.032;0.0;0.226;1.452;3.856
28114;18.24;0;0;7;0;0;0;0;1;1;0;0;2;1;0;0;0;6;13;0.0;0.0;0.384;0.0;0.0;0.0;0.0;0.055;0.055;0.0;0.0;0.11;0.055;0.0;0.0;0.0;0.329;0.713
28115;43.15;63;2;5430;61;26;62;118;291;49;22;19;111;20;2;5;26;338;380;1.46;0.046;125.835;1.414;0.603;1.437;2.735;6.744;1.136;0.51;0.44;2.572;0.463;0.046;0.116;0.603;7.833;8.806
28116;30.91;1;0;5;0;1;0;0;1;1;0;0;1;1;0;0;1;5;0;0.032;0.0;0.162;0.0;0.032;0.0;0.0;0.032;0.032;0.0;0.0;0.032;0.032;0.0;0.0;0.032;0.162;0.0
28117;22.5;0;0;2;1;0;0;1;0;0;0;0;2;1;0;0;0;2;0;0.0;0.0;0.089;0.044;0.0;0.0;0.044;0.0;0.0;0.0;0.0;0.089;0.044;0.0;0.0;0.0;0.089;0.0
28118;56.69;0;0;3;0;0;0;1;0;1;0;0;1;1;0;0;0;0;0;0.0;0.0;0.053;0.0;0.0;0.0;0.018;0.0;0.018;0.0;0.0;0.018;0.018;0.0;0.0;0.0;0.0;0.0
28119;25.68;2;0;9;1;2;1;0;9;1;0;0;0;0;0;0;1;8;19;0.078;0.0;0.35;0.039;0.078;0.039;0.0;0.35;0.039;0.0;0.0;0.0;0.0;0.0;0.0;0.039;0.312;0.74
28120;149.3;1;0;74;3;1;2;6;6;5;3;1;18;0;1;0;1;17;0;0.007;0.0;0.496;0.02;0.007;0.013;0.04;0.04;0.033;0.02;0.007;0.121;0.0;0.007;0.0;0.007;0.114;0.0
28121;13.03;1;0;35;0;0;1;0;1;0;0;0;1;1;0;0;1;1;12;0.077;0.0;2.685;0.0;0.0;0.077;0.0;0.077;0.0;0.0;0.0;0.077;0.077;0.0;0.0;0.077;0.077;0.921
28122;32.16;1;0;6;1;2;0;0;0;1;0;0;0;1;0;0;1;17;5;0.031;0.0;0.187;0.031;0.062;0.0;0.0;0.0;0.031;0.0;0.0;0.0;0.031;0.0;0.0;0.031;0.529;0.155
28123;67.42;34;0;4598;36;17;653;28;440;16;12;27;97;3;1;2;25;219;85;0.504;0.0;68.202;0.534;0.252;9.686;0.415;6.526;0.237;0.178;0.4;1.439;0.044;0.015;0.03;0.371;3.248;1.261
28124;21.02;0;0;5;0;0;0;0;0;0;0;0;2;1;0;0;0;7;0;0.0;0.0;0.238;0.0;0.0;0.0;0.0;0.0;0.0;0.0;0.0;0.095;0.048;0.0;0.0;0.0;0.333;0.0
28125;94.15;4;0;16;0;2;1;0;10;0;0;0;1;1;0;0;0;34;0;0.042;0.0;0.17;0.0;0.021;0.011;0.0;0.106;0.0;0.0;0.0;0.011;0.011;0.0;0.0;0.0;0.361;0.0
28126;18.35;1;0;1;0;0;0;0;0;0;0;0;0;0;0;0;0;4;14;0.055;0.0;0.055;0.0;0.0;0.0;0.0;0.0;0.0;0.0;0.0;0.0;0.0;0.0;0.0;0.0;0.218;0.763
28127;58.29;49;0;2906;34;20;25;87;211;28;16;21;103;6;0;0;22;264;294;0.841;0.0;49.851;0.583;0.343;0.429;1.492;3.62;0.48;0.274;0.36;1.767;0.103;0.0;0.0;0.377;4.529;5.043
28128;29.55;3;0;7;1;0;0;0;0;0;0;0;1;0;1;0;0;9;0;0.102;0.0;0.237;0.034;0.0;0.0;0.0;0.0;0.0;0.0;0.0;0.034;0.0;0.034;0.0;0.0;0.305;0.0
28129;38.23;4;0;50;4;4;13;2;12;4;2;2;14;1;0;0;2;15;40;0.105;0.0;1.308;0.105;0.105;0.34;0.052;0.314;0.105;0.052;0.052;0.366;0.026;0.0;0.0;0.052;0.392;1.046
28130;38.84;19;0;262;12;12;32;42;292;87;7;15;23;4;3;0;14;103;150;0.489;0.0;6.745;0.309;0.309;0.824;1.081;7.517;2.24;0.18;0.386;0.592;0.103;0.077;0.0;0.36;2.652;3.862
28131;56.38;17;0;536;5;7;5;13;104;10;18;4;39;3;1;1;7;59;72;0.302;0.0;9.508;0.089;0.124;0.089;0.231;1.845;0.177;0.319;0.071;0.692;0.053;0.018;0.018;0.124;1.047;1.277
28132;105.09;13;0;667;18;7;97;4;261;4;8;8;28;1;0;0;4;51;42;0.124;0.0;6.347;0.171;0.067;0.923;0.038;2.483;0.038;0.076;0.076;0.266;0.01;0.0;0.0;0.038;0.485;0.4
28133;116.42;11;0;48;4;1;3;0;42;13;1;3;20;0;0;1;2;12;29;0.094;0.0;0.412;0.034;0.009;0.026;0.0;0.361;0.112;0.009;0.026;0.172;0.0;0.0;0.009;0.017;0.103;0.249
28134;59.13;41;0;674;23;25;47;61;202;9;8;20;71;4;1;2;8;185;173;0.693;0.0;11.398;0.389;0.423;0.795;1.032;3.416;0.152;0.135;0.338;1.201;0.068;0.017;0.034;0.135;3.129;2.926
28135;75.66;0;0;8;1;0;0;1;1;2;2;0;4;1;0;0;1;23;0;0.0;0.0;0.106;0.013;0.0;0.0;0.013;0.013;0.026;0.026;0.0;0.053;0.013;0.0;0.0;0.013;0.304;0.0
28136;28.22;0;0;36;0;0;0;0;3;2;0;0;1;0;0;0;1;3;0;0.0;0.0;1.276;0.0;0.0;0.0;0.0;0.106;0.071;0.0;0.0;0.035;0.0;0.0;0.0;0.035;0.106;0.0
28137;34.82;2;0;8;0;1;2;0;3;0;0;0;0;0;0;0;0;3;1;0.057;0.0;0.23;0.0;0.029;0.057;0.0;0.086;0.0;0.0;0.0;0.0;0.0;0.0;0.0;0.0;0.086;0.029
28138;5.52;0;0;10;0;0;0;0;2;2;0;0;0;0;0;0;0;4;18;0.0;0.0;1.813;0.0;0.0;0.0;0.0;0.363;0.363;0.0;0.0;0.0;0.0;0.0;0.0;0.0;0.725;3.263
28140;13.29;4;0;18;1;2;2;0;6;0;0;0;1;0;0;1;0;18;24;0.301;0.0;1.355;0.075;0.151;0.151;0.0;0.452;0.0;0.0;0.0;0.075;0.0;0.0;0.075;0.0;1.355;1.806
28141;24.73;7;0;880;6;5;52;1;31;2;5;0;2;1;0;0;1;18;24;0.283;0.0;35.587;0.243;0.202;2.103;0.04;1.254;0.081;0.202;0.0;0.081;0.04;0.0;0.0;0.04;0.728;0.971
28143;20.4;0;0;4;0;0;1;0;4;0;0;0;2;0;0;0;0;3;35;0.0;0.0;0.196;0.0;0.0;0.049;0.0;0.196;0.0;0.0;0.0;0.098;0.0;0.0;0.0;0.0;0.147;1.716
28144;42.85;7;0;141;8;3;5;5;42;10;3;1;21;1;2;0;2;24;31;0.163;0.0;3.291;0.187;0.07;0.117;0.117;0.98;0.233;0.07;0.023;0.49;0.023;0.047;0.0;0.047;0.56;0.724
28145;38.49;4;0;69;1;3;2;1;11;6;0;0;2;1;0;0;1;8;35;0.104;0.0;1.793;0.026;0.078;0.052;0.026;0.286;0.156;0.0;0.0;0.052;0.026;0.0;0.0;0.026;0.208;0.909
28146;26.58;1;0;15;4;2;1;0;7;0;0;0;1;1;0;0;0;8;0;0.038;0.0;0.564;0.15;0.075;0.038;0.0;0.263;0.0;0.0;0.0;0.038;0.038;0.0;0.0;0.0;0.301;0.0
28147;10.11;1;0;9;2;1;2;0;3;1;0;0;2;1;0;0;0;2;0;0.099;0.0;0.89;0.198;0.099;0.198;0.0;0.297;0.099;0.0;0.0;0.198;0.099;0.0;0.0;0.0;0.198;0.0
28148;32.36;61;0;873;36;29;54;88;374;110;61;49;160;16;2;5;38;170;50;1.885;0.0;26.98;1.113;0.896;1.669;2.72;11.558;3.4;1.885;1.514;4.945;0.494;0.062;0.155;1.174;5.254;1.545
28149;8.96;7;0;48;2;1;7;3;67;5;4;4;9;2;0;0;2;15;60;0.781;0.0;5.354;0.223;0.112;0.781;0.335;7.474;0.558;0.446;0.446;1.004;0.223;0.0;0.0;0.223;1.673;6.693
28150;52.16;2;0;30;2;1;2;1;11;0;0;0;2;0;0;1;0;10;16;0.038;0.0;0.575;0.038;0.019;0.038;0.019;0.211;0.0;0.0;0.0;0.038;0.0;0.0;0.019;0.0;0.192;0.307
28151;43.06;4;0;145;1;2;5;4;9;3;1;0;11;1;0;0;1;7;44;0.093;0.0;3.368;0.023;0.046;0.116;0.093;0.209;0.07;0.023;0.0;0.255;0.023;0.0;0.0;0.023;0.163;1.022
28152;21.68;16;1;2713;11;9;0;17;57;22;5;6;37;2;6;1;7;130;23;0.738;0.046;125.141;0.507;0.415;0.0;0.784;2.629;1.015;0.231;0.277;1.707;0.092;0.277;0.046;0.323;5.996;1.061
28153;18.86;0;0;9;0;1;0;0;0;0;0;0;0;0;0;0;1;8;0;0.0;0.0;0.477;0.0;0.053;0.0;0.0;0.0;0.0;0.0;0.0;0.0;0.0;0.0;0.0;0.053;0.424;0.0
28154;43.33;13;0;60;2;4;3;2;7;2;1;0;5;1;0;0;2;22;2;0.3;0.0;1.385;0.046;0.092;0.069;0.046;0.162;0.046;0.023;0.0;0.115;0.023;0.0;0.0;0.046;0.508;0.046
28155;63.8;1;0;10;1;1;0;0;9;0;0;0;0;0;0;0;0;8;0;0.016;0.0;0.157;0.016;0.016;0.0;0.0;0.141;0.0;0.0;0.0;0.0;0.0;0.0;0.0;0.0;0.125;0.0
28156;18.71;1;0;19;0;0;1;0;3;2;0;0;0;0;0;0;1;2;1;0.053;0.0;1.015;0.0;0.0;0.053;0.0;0.16;0.107;0.0;0.0;0.0;0.0;0.0;0.0;0.053;0.107;0.053
28157;42.26;0;0;1;0;1;0;1;2;3;0;0;0;1;0;0;0;6;0;0.0;0.0;0.024;0.0;0.024;0.0;0.024;0.047;0.071;0.0;0.0;0.0;0.024;0.0;0.0;0.0;0.142;0.0
28158;17.79;0;0;1;0;0;0;0;0;0;0;0;3;0;0;0;1;6;0;0.0;0.0;0.056;0.0;0.0;0.0;0.0;0.0;0.0;0.0;0.0;0.169;0.0;0.0;0.0;0.056;0.337;0.0
28159;51.79;0;0;10;1;1;0;0;2;1;1;0;2;0;0;0;0;10;0;0.0;0.0;0.193;0.019;0.019;0.0;0.0;0.039;0.019;0.019;0.0;0.039;0.0;0.0;0.0;0.0;0.193;0.0
28160;93.8;4;0;1449;3;5;15;1;74;0;2;2;6;2;0;0;2;55;115;0.043;0.0;15.448;0.032;0.053;0.16;0.011;0.789;0.0;0.021;0.021;0.064;0.021;0.0;0.0;0.021;0.586;1.226
28161;64.15;27;0;372;18;12;23;3;147;3;2;7;37;2;0;1;14;163;78;0.421;0.0;5.799;0.281;0.187;0.359;0.047;2.292;0.047;0.031;0.109;0.577;0.031;0.0;0.016;0.218;2.541;1.216
28162;25.85;3;0;28;1;4;1;4;6;0;0;0;4;0;0;0;0;15;0;0.116;0.0;1.083;0.039;0.155;0.039;0.155;0.232;0.0;0.0;0.0;0.155;0.0;0.0;0.0;0.0;0.58;0.0
28163;17.66;1;0;8;1;1;0;0;2;0;0;0;1;0;1;0;0;1;0;0.057;0.0;0.453;0.057;0.057;0.0;0.0;0.113;0.0;0.0;0.0;0.057;0.0;0.057;0.0;0.0;0.057;0.0
28164;35.07;4;0;40;4;3;4;0;16;0;0;0;1;1;0;0;2;18;0;0.114;0.0;1.14;0.114;0.086;0.114;0.0;0.456;0.0;0.0;0.0;0.029;0.029;0.0;0.0;0.057;0.513;0.0
28165;42.57;1;0;6;3;1;1;0;2;1;0;0;1;0;0;0;0;4;0;0.023;0.0;0.141;0.07;0.023;0.023;0.0;0.047;0.023;0.0;0.0;0.023;0.0;0.0;0.0;0.0;0.094;0.0
28166;13.74;0;0;12;0;0;1;0;0;0;0;0;0;0;0;0;0;2;0;0.0;0.0;0.874;0.0;0.0;0.073;0.0;0.0;0.0;0.0;0.0;0.0;0.0;0.0;0.0;0.0;0.146;0.0
28167;14.37;9;0;60;7;4;5;3;36;2;0;2;5;1;1;0;4;21;5;0.626;0.0;4.174;0.487;0.278;0.348;0.209;2.505;0.139;0.0;0.139;0.348;0.07;0.07;0.0;0.278;1.461;0.348
28168;33.49;2;0;8;0;1;0;0;1;1;0;0;5;1;0;0;1;14;14;0.06;0.0;0.239;0.0;0.03;0.0;0.0;0.03;0.03;0.0;0.0;0.149;0.03;0.0;0.0;0.03;0.418;0.418
28169;10.22;2;0;23;2;1;0;2;2;2;1;0;3;0;1;0;1;8;39;0.196;0.0;2.25;0.196;0.098;0.0;0.196;0.196;0.196;0.098;0.0;0.293;0.0;0.098;0.0;0.098;0.783;3.815
28170;33.27;2;0;5;1;0;1;0;2;0;0;0;0;1;0;0;1;6;0;0.06;0.0;0.15;0.03;0.0;0.03;0.0;0.06;0.0;0.0;0.0;0.0;0.03;0.0;0.0;0.03;0.18;0.0
28171;77.27;3;0;11;3;0;5;0;47;2;3;0;1;1;0;1;1;21;0;0.039;0.0;0.142;0.039;0.0;0.065;0.0;0.608;0.026;0.039;0.0;0.013;0.013;0.0;0.013;0.013;0.272;0.0
28172;34.7;10;0;365;10;5;8;3;13;3;5;3;5;2;0;1;2;81;0;0.288;0.0;10.518;0.288;0.144;0.231;0.086;0.375;0.086;0.144;0.086;0.144;0.058;0.0;0.029;0.058;2.334;0.0
28173;29.58;1;0;3;0;1;0;0;1;1;0;0;0;0;0;0;0;3;0;0.034;0.0;0.101;0.0;0.034;0.0;0.0;0.034;0.034;0.0;0.0;0.0;0.0;0.0;0.0;0.0;0.101;0.0
28174;63.23;1;0;92;1;1;0;0;6;0;0;0;0;1;0;0;1;11;0;0.016;0.0;1.455;0.016;0.016;0.0;0.0;0.095;0.0;0.0;0.0;0.0;0.016;0.0;0.0;0.016;0.174;0.0
28175;23.92;1;0;224;2;1;2;2;47;1;0;0;2;1;0;0;1;5;0;0.042;0.0;9.363;0.084;0.042;0.084;0.084;1.964;0.042;0.0;0.0;0.084;0.042;0.0;0.0;0.042;0.209;0.0
28176;34.77;17;0;225;8;5;9;4;74;4;5;6;6;3;0;1;3;96;93;0.489;0.0;6.471;0.23;0.144;0.259;0.115;2.128;0.115;0.144;0.173;0.173;0.086;0.0;0.029;0.086;2.761;2.675
28177;25.43;10;0;39;2;9;3;1;43;4;4;0;4;1;0;0;2;29;22;0.393;0.0;1.534;0.079;0.354;0.118;0.039;1.691;0.157;0.157;0.0;0.157;0.039;0.0;0.0;0.079;1.14;0.865
28178;31.43;1;0;367;1;1;1;0;30;0;1;2;2;1;0;0;1;8;60;0.032;0.0;11.675;0.032;0.032;0.032;0.0;0.954;0.0;0.032;0.064;0.064;0.032;0.0;0.0;0.032;0.254;1.909
28179;27.78;0;0;21;0;2;0;0;7;1;0;0;1;0;0;0;0;1;0;0.0;0.0;0.756;0.0;0.072;0.0;0.0;0.252;0.036;0.0;0.0;0.036;0.0;0.0;0.0;0.0;0.036;0.0
28180;119.0;8;0;19;3;2;4;4;12;7;0;2;8;1;0;0;3;19;56;0.067;0.0;0.16;0.025;0.017;0.034;0.034;0.101;0.059;0.0;0.017;0.067;0.008;0.0;0.0;0.025;0.16;0.471
28181;68.19;19;0;535;14;5;11;22;582;12;14;8;34;5;0;0;7;94;79;0.279;0.0;7.845;0.205;0.073;0.161;0.323;8.534;0.176;0.205;0.117;0.499;0.073;0.0;0.0;0.103;1.378;1.158
28182;23.3;0;0;11;0;1;0;0;2;3;0;0;0;0;0;0;1;5;0;0.0;0.0;0.472;0.0;0.043;0.0;0.0;0.086;0.129;0.0;0.0;0.0;0.0;0.0;0.0;0.043;0.215;0.0
28183;20.18;2;0;105;0;1;1;0;28;3;0;0;4;2;0;0;0;15;0;0.099;0.0;5.203;0.0;0.05;0.05;0.0;1.387;0.149;0.0;0.0;0.198;0.099;0.0;0.0;0.0;0.743;0.0
28901;51.43;2;0;10;2;0;1;0;4;2;0;0;2;0;1;0;1;18;95;0.039;0.0;0.194;0.039;0.0;0.019;0.0;0.078;0.039;0.0;0.0;0.039;0.0;0.019;0.0;0.019;0.35;1.847
28902;58.54;0;0;7;1;0;1;0;3;0;0;0;7;4;0;0;1;13;0;0.0;0.0;0.12;0.017;0.0;0.017;0.0;0.051;0.0;0.0;0.0;0.12;0.068;0.0;0.0;0.017;0.222;0.0
28903;37.96;28;0;541;16;16;10;32;98;6;7;9;53;2;3;2;7;142;69;0.738;0.0;14.252;0.421;0.421;0.263;0.843;2.582;0.158;0.184;0.237;1.396;0.053;0.079;0.053;0.184;3.741;1.818
